I#ID	Name
G1	YHR084W
G2	YER109C
G3	YDR496C
G4	YBR098W
G5	YNL139C
G6	YDR303C
G7	YGR063C
G8	YER051W
G9	YBR150C
G10	YIL128W
G11	YGL071W
G12	YLR223C
G13	YPL048W
G14	YPR065W
G15	YKL043W
G16	YPR031W
G17	YER169W
G18	YCR096C
G19	YIR018W
G20	YJR147W
G21	YER045C
G22	YDR043C
G23	YJL176C
G24	YMR168C
G25	YGL181W
G26	YBR089C-A
G27	YHR090C
G28	YMR075W
G29	YBR182C
G30	YIL122W
G31	YDR009W
G32	YML113W
G33	YLR278C
G34	YDR123C
G35	YPR054W
G36	YML102W
G37	YPR013C
G38	YCL066W
G39	YHL009C
G40	YGL043W
G41	YBR049C
G42	YDL042C
G43	YPL016W
G44	YLL054C
G45	YMR016C
G46	YDR073W
G47	YNL167C
G48	YBR066C
G49	YML010W
G50	YOR344C
G51	YDR392W
G52	YMR136W
G53	YPR009W
G54	YMR164C
G55	YJL168C
G56	YJL127C
G57	YLR375W
G58	YLR013W
G59	YDR477W
G60	YHL027W
G61	YLR131C
G62	YGL237C
G63	YIR017C
G64	YFL052W
G65	YIL036W
G66	YDR451C
G67	YCR066W
G68	YKL062W
G69	YPR196W
G70	YIR023W
G71	YNL068C
G72	YPR018W
G73	YBR267W
G74	YLR453C
G75	YDR432W
G76	YJR060W
G77	YOR038C
G78	YOR298C-A
G79	YLR055C
G80	YOR290C
G81	YNR054C
G82	YLR399C
G83	YKR101W
G84	YDR174W
G85	YJL089W
G86	YLR098C
G87	YHR206W
G88	YOR229W
G89	YNL204C
G90	YDR448W
G91	YBR033W
G92	YOR363C
G93	YNL031C
G94	YGL073W
G95	YNL314W
G96	YDR034C
G97	YDR310C
G98	YPL049C
G99	YOR083W
G100	YER148W
G101	YGL162W
G102	YKL020C
G103	YJR017C
G104	YDL056W
G105	YMR033W
G106	YDR460W
G107	YGR249W
G108	YGL151W
G109	YIL131C
G110	YBL103C
G111	YOR028C
G112	YER111C
G113	YIL119C
G114	YOL067C
G115	YBL008W
G116	YOR140W
G117	YOL028C
G118	YDR081C
G119	YDL048C
G120	YKR064W
G121	YMR043W
G122	YML099C
G123	YPL128C
G124	YLR176C
G125	YOR315W
G126	YDR216W
G127	YFL021W
G128	YMR039C
G129	YCR081W
G130	YOR064C
G131	YER184C
G132	YJL103C
G133	YBR202W
G134	YIR013C
G135	YDR421W
G136	YER040W
G137	YKR034W
G138	YKL112W
G139	YPL089C
G140	YLR442C
G141	YBL005W
G142	YNL027W
G143	YOR372C
G144	YGL013C
G145	YKL072W
G146	YOR210W
G147	YDR253C
G148	YDR151C
G149	YIL038C
G150	YPL254W
G151	YER130C
G152	YLR182W
G153	YDR311W
G154	YNL309W
G155	YDR266C
G156	YJR140C
G157	YFL031W
G158	YKL109W
G159	YOR380W
G160	YDR207C
G161	YHL025W
G162	YOR337W
G163	YPL122C
G164	YML091C
G165	YBR289W
G166	YGR040W
G167	YJL206C
G168	YIL101C
G169	YPL129W
G170	YDR213W
G171	YMR037C
G172	YBR083W
G173	YDR096W
G174	YAL051W
G175	YBR010W
G176	YMR021C
G177	YPL042C
G178	YMR280C
G179	YGR116W
G180	YAL021C
G181	YIR033W
G182	YNL257C
G183	YGR067C
G184	YLR005W
G185	YBR239C
G186	YOR172W
G187	YLR266C
G188	YER068W
G189	YGL254W
G190	YKL222C
G191	YBL054W
G192	YER164W
G193	YGR288W
G194	YHR124W
G195	YPL138C
G196	YJL056C
G197	YGR097W
G198	YOR230W
G199	YPL038W
G200	YDR443C
G201	YLR228C
G202	YOR162C
G203	YJL110C
G204	YPR008W
G205	YMR042W
G206	YJR119C
G207	YLR015W
G208	YGR089W
G209	YMR182C
G210	YBR297W
G211	YPL202C
G212	YDL106C
G213	YIL130W
G214	YHR178W
G215	YDR223W
G216	YLR113W
G217	YPR199C
G218	YPR025C
G219	YLR256W
G220	YDR520C
G221	YFR034C
G222	YDR146C
G223	YNL216W
G224	YEL009C
G225	YGL127C
G226	YGL025C
G227	YKL185W
G228	YCL055W
G229	YML081W
G230	YNR063W
G231	YBR240C
G232	YPR015C
G233	YMR070W
G234	YJR122W
G235	YKL038W
G236	YAL013W
G237	YMR172W
G238	YER159C
G239	YGL192W
G240	YMR179W
G241	YER028C
G242	YPR052C
G243	YCR097W
G244	YGL166W
G245	YKL015W
G246	YNL025C
G247	YDR423C
G248	YCR065W
G249	YGL197W
G250	YHL020C
G251	YER064C
G252	YNL132W
G253	YDR397C
G254	YKL032C
G255	YDL170W
G256	YMR019W
G257	YGL035C
G258	YNL199C
G259	YNL330C
G260	YJR127C
G261	YPL177C
G262	YOR304W
G263	YMR273C
G264	YIL084C
G265	YDL166C
G266	YPR022C
G267	YKL005C
G268	YHR041C
G269	YOL089C
G270	YIL056W
G271	YOL116W
G272	YDR049W
G273	YDR259C
G274	YOL108C
G275	YML076C
G276	YER161C
G277	YCR028C-A
G278	YDR169C
G279	YMR053C
G280	YHR006W
G281	YCR018C
G282	YOL004W
G283	YDR026C
G284	YLR014C
G285	YOR032C
G286	YFL044C
G287	YBR193C
G288	YCR106W
G289	YBL021C
G290	YNL236W
G291	YML051W
G292	YPL075W
G293	YPL082C
G294	YOR077W
G295	YNL103W
G296	YML027W
G297	YOR113W
G298	YDL020C
G299	YMR228W
G300	YGR044C
G301	YKR099W
G302	YDR463W
G303	YML007W
G304	YPL230W
G305	YBR112C
G306	YGR252W
G307	YPL181W
G308	YDR277C
G309	YMR213W
G310	YDR167W
G311	YPR056W
G312	YBR154C
G313	YGL096W
G314	YNL023C
G315	YPL139C
G316	YOR358W
G317	YDL108W
G318	YER088C
G319	YPR104C
G320	YPL133C
G321	YBL093C
G322	YLR136C
G323	YBR195C
G324	YLR403W
G325	YGL209W
G326	YBR111W-A
G327	YGL131C
G328	YOL068C
G329	YLR451W
G330	YDR296W
G331	YDR005C
G332	YGR161C
G333	YJR094C
G334	YHR062C
G335	YMR234W
G336	YDR425W
G337	YCR075C
G338	YDL102W
G339	YMR233W
G340	YGR027C
G341	YGR006W
G342	YGL213C
G343	YHR072W
G344	YOR283W
G345	YBR015C
G346	YMR258C
G347	YMR052W
G348	YHL017W
G349	YNL185C
G350	YDL194W
G351	YHR131C
G352	YJR144W
G353	YDR100W
G354	YHR112C
G355	YJR137C
G356	YKL132C
G357	YHL002W
G358	YHL013C
G359	YCL059C
G360	YLR285C-A
G361	YPR019W
G362	YKL098W
G363	YJL109C
G364	YGR002C
G365	YPL180W
G366	YAL030W
G367	YER071C
G368	YBR096W
G369	YOL001W
G370	YOL056W
G371	decoy39
G372	YGL048C
G373	YJL051W
G374	YBR046C
G375	YCL034W
G376	YLL046C
G377	YPR157W
G378	YLR099W-A
G379	YMR272C
G380	decoy26
G381	YKR062W
G382	YIR001C
G383	YDL123W
G384	YLL001W
G385	YIL001W
G386	decoy154
G387	YPL127C
G388	YAR027W
G389	YMR069W
G390	YER120W
G391	YDR077W
G392	YBL113C
G393	YGL157W
G394	YDR020C
G395	YPL156C
G396	YJR149W
G397	YBR229C
G398	YLR097C
G399	YMR309C
G400	YOL015W
G401	YER098W
G402	YHR050W
G403	YKL091C
G404	YOL143C
G405	YFR012W-A
G406	YDR170C
G407	YIL079C
G408	YKL077W
G409	YPR176C
G410	YMR158W
G411	YJR045C
G412	decoy12
G413	YER183C
G414	YOR307C
G415	YKL179C
G416	YMR086W
G417	decoy8
G418	YGL174W
G419	YPL097W
G420	YLR135W
G421	YGL001C
G422	YHR075C
G423	YPR026W
G424	YGL111W
G425	YMR181C
G426	YKL149C
G427	YBR056W
G428	YPL070W
G429	YEL056W
G430	YPL263C
G431	YOR181W
G432	YML130C
G433	YOR018W
G434	YOR378W
G435	YML087C
G436	YLR195C
G437	YAL012W
G438	YAL024C
G439	YPL227C
G440	YBR218C
G441	YBR149W
G442	YKR092C
G443	YHR199C-A
G444	YMR259C
G445	YOR195W
G446	YCL008C
G447	YPL169C
G448	YPR068C
G449	YOR175C
G450	YLR107W
G451	YGL252C
G452	YKR049C
G453	YDR531W
G454	YPR138C
G455	YIL142W
G456	YDR063W
G457	YDR323C
G458	YOR369C
G459	decoy27
G460	YLR064W
G461	YDR011W
G462	YDR044W
G463	YDR322W
G464	YLR149C
G465	YBR260C
G466	YHR079C-A
G467	YPL003W
G468	YDR518W
G469	YBR048W
G470	YOR332W
G471	YLL060C
G472	YMR239C
G473	YOR338W
G474	YLR148W
G475	YGR032W
G476	YPL167C
G477	YGR008C
G478	YPL041C
G479	YIL053W
G480	YBR270C
G481	YDL156W
G482	YNL069C
G483	YGR295C
G484	YPR173C
G485	YKR005C
G486	YOL154W
G487	YHL039W
G488	YOR320C
G489	YJR064W
G490	YJR102C
G491	decoy120
G492	decoy33
G493	YBR273C
G494	YDR079W
G495	YMR307W
G496	YJR056C
G497	YDR276C
G498	YLR369W
G499	YGR071C
G500	YJR109C
G501	YJR001W
G502	decoy222
G503	YOL047C
G504	YOR178C
G505	YDR126W
G506	YOR285W
G507	YDR379C-A
G508	YMR101C
G509	YJL096W
G510	YLR042C
G511	YAL036C
G512	YFR052W
G513	YMR084W
G514	YKL103C
G515	YAL044C
G516	YLR196W
G517	YIR027C
G518	YOR255W
G519	YBR208C
G520	YBL033C
G521	decoy113
G522	YDR158W
G523	YMR160W
G524	YHR082C
G525	YPL005W
G526	YPL200W
G527	YMR018W
G528	YBL084C
G529	YER073W
G530	YIL060W
G531	YER025W
G532	YLR413W
G533	YCL037C
G534	YLR289W
G535	YNL099C
G536	YJL030W
G537	YBR019C
G538	YKL141W
G539	YGL055W
G540	YMR167W
G541	YJR006W
G542	YLR344W
G543	YFR032C
G544	YOR291W
G545	YGL114W
G546	YOR063W
G547	YNR011C
G548	YJR092W
G549	YGR117C
G550	YHR072W-A
G551	decoy63
G552	YOL058W
G553	YER062C
G554	YGR059W
G555	decoy167
G556	decoy34
G557	YGL129C
G558	YLR333C
G559	YBR054W
G560	YDR465C
G561	YPL040C
G562	YPL125W
G563	YIL147C
G564	YFR048W
G565	YJL153C
G566	YDR402C
G567	YNL326C
G568	YCR044C
G569	YHR151C
G570	YKL035W
G571	YDR128W
G572	YOR342C
G573	YPL143W
G574	YLR024C
G575	YHR190W
G576	YML069W
G577	YDR422C
G578	YIR002C
G579	YDR196C
G580	YFR002W
G581	YBL032W
G582	YHR080C
G583	YBL111C
G584	YJL106W
G585	YLR426W
G586	YMR006C
G587	YLR025W
G588	decoy252
G589	YOL141W
G590	YIL126W
G591	YOR016C
G592	decoy184
G593	YDR236C
G594	YBR013C
G595	YDL015C
G596	YNR049C
G597	YOR155C
G598	YOR302W
G599	YKL079W
G600	YNL093W
G601	decoy121
G602	YLR121C
G603	YAL016W
G604	YKL014C
G605	YNL044W
G606	YHR205W
G607	YOR270C
G608	YLR100W
G609	YDL045C
G610	YMR199W
G611	YBR128C
G612	YKL051W
G613	YLR264C-A
G614	YOR171C
G615	YDR160W
G616	YGR225W
G617	YGR202C
G618	YKR096W
G619	YMR161W
G620	YDR381C-A
G621	YNL117W
G622	YDL222C
G623	YOR299W
G624	YGR171C
G625	YLR325C
G626	YNL020C
G627	YHR201C
G628	YHR189W
G629	YPL053C
G630	YBL106C
G631	YEL049W
G632	YPR060C
G633	YDR513W
G634	YKL167C
G635	YLR285W
G636	YGR150C
G637	YJL082W
G638	YDR036C
G639	YMR176W
G640	YNL054W
G641	YML063W
G642	YDR326C
G643	YOR067C
G644	YCR098C
G645	YDL153C
G646	YDL246C
G647	YOL156W
G648	YGR267C
G649	YJR050W
G650	YOR327C
G651	YMR270C
G652	YMR140W
G653	YOR183W
G654	YCR008W
G655	YEL076C
G656	YIL057C
G657	YNL295W
G658	YML034W
G659	YDR336W
G660	decoy163
G661	YDR262W
G662	YNR026C
G663	YDR204W
G664	YFR028C
G665	YML071C
G666	YGL104C
G667	YJL094C
G668	YHR213W-A
G669	YMR243C
G670	YJL072C
G671	YLR023C
G672	YGR100W
G673	YGR254W
G674	YJL048C
G675	YCR075W-A
G676	YPL022W
G677	YMR035W
G678	YHR144C
G679	YPL195W
G680	YLR237W
G681	YJL062W
G682	YBR205W
G683	YLR127C
G684	YGL097W
G685	YNL074C
G686	decoy229
G687	YBR281C
G688	YML025C
G689	YLR066W
G690	YNL165W
G691	YOR060C
G692	decoy153
G693	YBR156C
G694	YLR436C
G695	YNL254C
G696	YHL026C
G697	YPR191W
G698	YOR070C
G699	YOL095C
G700	YMR110C
G701	YER078C
G702	YDR289C
G703	YBR152W
G704	YOR308C
G705	YNL312W
G706	YDL003W
G707	YDR168W
G708	YOR137C
G709	YML112W
G710	YGL143C
G711	YGR029W
G712	YAR020C
G713	YOL101C
G714	YPR071W
G715	YPL162C
G716	YFL049W
G717	YDL078C
G718	YDR291W
G719	YDR017C
G720	YDR405W
G721	YER125W
G722	YFR011C
G723	YER096W
G724	YBL006C
G725	YER052C
G726	decoy189
G727	decoy117
G728	YCR024C-B
G729	YBL008W-A
G730	YOR052C
G731	YOR386W
G732	YDR279W
G733	YJL170C
G734	YLL039C
G735	YLR257W
G736	YDL160C
G737	YBR228W
G738	YOR217W
G739	YDR263C
G740	YLR151C
G741	YLR423C
G742	YOR144C
G743	YDR201W
G744	YCR027C
G745	YHR128W
G746	YLR287C-A
G747	YHR004C
G748	YKR079C
G749	YHR012W
G750	YDR186C
G751	YBR011C
G752	YNL087W
G753	YPR105C
G754	YCL016C
G755	YCR017C
G756	YAL032C
G757	YHR129C
G758	YGL139W
G759	YGL063W
G760	YER006W
G761	YGR262C
G762	YMR227C
G763	YLR277C
G764	YNL147W
G765	YPL096W
G766	YNL304W
G767	decoy156
G768	YKL061W
G769	YMR315W
G770	YPR141C
G771	YIL046W-A
G772	YOR081C
G773	decoy256
G774	YOR054C
G775	YPL023C
G776	YJL093C
G777	YHR158C
G778	YBR261C
G779	YGL229C
G780	YDR294C
G781	YGL110C
G782	YLL040C
G783	YBR244W
G784	decoy109
G785	YGL036W
G786	YDR324C
G787	YOL151W
G788	YOL164W-A
G789	YDR533C
G790	YKL028W
G791	YIL124W
G792	YGL003C
G793	YMR139W
G794	YOR001W
G795	YDR494W
G796	YKR048C
G797	YHR142W
G798	YDR117C
G799	YGR284C
G800	YML118W
G801	YOR078W
G802	YJL076W
G803	YGL006W
G804	YLL013C
G805	YGL212W
G806	decoy240
G807	YIL013C
G808	YPL083C
G809	YDR179C
G810	YNR036C
G811	YPL245W
G812	YKL099C
G813	decoy136
G814	YOR243C
G815	YLR109W
G816	YDR475C
G817	YOR007C
G818	YOL155W-A
G819	YBR006W
G820	YPL112C
G821	YDR137W
G822	YMR010W
G823	YBR136W
G824	YJL124C
G825	YGR052W
G826	YAL062W
G827	YPR135W
G828	YBR131W
G829	YPR140W
G830	YFL012W
G831	YDL001W
G832	YDR181C
G833	YLR394W
G834	YPR106W
G835	YDR208W
G836	YGR146C
G837	decoy276
G838	YKL013C
G839	YJR120W
G840	YER010C
G841	YML100W
G842	YAL017W
G843	YLR068W
G844	YDR110W
G845	YNL094W
G846	YIL063C
G847	YAL009W
G848	YCR045C
G849	YBR038W
G850	YHR010W
G851	YDL219W
G852	YHR050W-A
G853	YNL328C
G854	YMR311C
G855	YCR046C
G856	YNR017W
G857	YMR073C
G858	YML014W
G859	decoy101
G860	decoy60
G861	YCR011C
G862	YGR165W
G863	YML109W
G864	YER058W
G865	YJL052C-A
G866	YER165W
G867	decoy190
G868	YMR129W
G869	YER126C
G870	YLR372W
G871	YNL129W
G872	YDR488C
G873	YPL190C
G874	YER182W
G875	YMR080C
G876	YOR160W
G877	YLR144C
G878	YHR171W
G879	YKL143W
G880	YDR108W
G881	YMR174C
G882	YOR352W
G883	YOR061W
G884	YPR154W
G885	YPL084W
G886	YER117W
G887	YOL155C
G888	YGR061C
G889	YCR071C
G890	YKL040C
G891	YMR294W
G892	YNL111C
G893	YGR060W
G894	YML075C
G895	YDR519W
G896	YPL074W
G897	YNL126W
G898	YIL034C
G899	YKR045C
G900	YBR081C
G901	decoy140
G902	YOR034C
G903	YLR411W
G904	YAR015W
G905	YHL015W-A
G906	YMR321C
G907	YIR026C
G908	YMR289W
G909	YNL056W
G910	YDR273W
G911	YDR538W
G912	YBR079C
G913	YDR141C
G914	YLR238W
G915	YGR248W
G916	YGR194C
G917	YBR158W
G918	YCR104W
G919	YGR258C
G920	YPR198W
G921	YDR155C
G922	YDR332W
G923	YLR074C
G924	YOR232W
G925	YHR092C
G926	YGR016W
G927	YHR054C
G928	YGL076C
G929	YFL020C
G930	YOR202W
G931	YFL027C
G932	YHR022C
G933	decoy131
G934	YGL004C
G935	YEL060C
G936	decoy83
G937	YPR100W
G938	YHR087W
G939	YIL145C
G940	YDL177C
G941	YPL267W
G942	YNL077W
G943	YLR364W
G944	YDR285W
G945	YDR143C
G946	YOL072W
G947	YIL071C
G948	YDL039C
G949	YDR478W
G950	YML059C
G951	YIL116W
G952	YDR319C
G953	YOR090C
G954	YHR086W-A
G955	YGL028C
G956	YGL117W
G957	YMR017W
G958	YEL006W
G959	YJR088C
G960	decoy7
G961	YJR002W
G962	YOR348C
G963	YOL043C
G964	YPL228W
G965	YDL191W
G966	YMR296C
G967	YER014W
G968	YJR117W
G969	YML016C
G970	YJL091C
G971	YDL225W
G972	YDL072C
G973	YMR313C
G974	YOR165W
G975	YPR178W
G976	YLR056W
G977	decoy168
G978	YJL174W
G979	YGR124W
G980	YCL073C
G981	YLR307C-A
G982	YAL064W-B
G983	YGR138C
G984	YLR150W
G985	YMR085W
G986	YKL024C
G987	YJR080C
G988	YIR015W
G989	YJR129C
G990	YNL272C
G991	YOL016C
G992	YLR381W
G993	YCR024C-A
G994	YDL159W-A
G995	YER031C
G996	YDR191W
G997	YDR034W-B
G998	YGR085C
G999	YHR016C
G1000	YMR306W
G1001	YDL126C
G1002	YDR229W
G1003	YHR014W
G1004	YER003C
G1005	YBR097W
G1006	YEL026W
G1007	YLR343W
G1008	YDR148C
G1009	YJL139C
G1010	YBR199W
G1011	YOR310C
G1012	YCL044C
G1013	YOR197W
G1014	YNL219C
G1015	YNL188W
G1016	YBR250W
G1017	YDR012W
G1018	YML107C
G1019	YLR274W
G1020	YKR029C
G1021	YHR045W
G1022	YJL033W
G1023	YPR004C
G1024	YPL247C
G1025	YJL024C
G1026	YMR314W
G1027	YIL070C
G1028	YER011W
G1029	YPL140C
G1030	YMR204C
G1031	YPL116W
G1032	YER027C
G1033	YDR210W
G1034	YOR387C
G1035	YKL211C
G1036	YGL101W
G1037	YFL062W
G1038	YGR113W
G1039	YDR111C
G1040	YDR016C
G1041	YML078W
G1042	YML043C
G1043	YKR035W-A
G1044	YOL051W
G1045	YLR245C
G1046	YHR179W
G1047	YNL053W
G1048	YDL057W
G1049	YLR307W
G1050	YLR415C
G1051	YLR430W
G1052	YOR296W
G1053	YML053C
G1054	YDR359C
G1055	YOL105C
G1056	YFL007W
G1057	YGR154C
G1058	YGR145W
G1059	YML077W
G1060	YDL018C
G1061	YHR185C
G1062	YDR074W
G1063	YGL062W
G1064	YGL050W
G1065	YBR119W
G1066	YEL031W
G1067	YDR408C
G1068	YHR194W
G1069	YPR122W
G1070	YGL191W
G1071	YDR054C
G1072	YDR234W
G1073	YDL030W
G1074	YBL101W-B
G1075	YKL075C
G1076	YDR169C-A
G1077	YNL168C
G1078	decoy233
G1079	YOR239W
G1080	YMR292W
G1081	YBL049W
G1082	YCR107W
G1083	YDR511W
G1084	YLR272C
G1085	YGL158W
G1086	YAR023C
G1087	YOR126C
G1088	decoy251
G1089	YER009W
G1090	YJR121W
G1091	decoy78
G1092	YNL169C
G1093	YNL135C
G1094	YDR452W
G1095	YMR237W
G1096	decoy102
G1097	YOR326W
G1098	YJL059W
G1099	YML101C
G1100	YPR046W
G1101	YLR069C
G1102	YGR193C
G1103	YDR394W
G1104	YCL035C
G1105	YNL055C
G1106	YBL001C
G1107	YLR119W
G1108	YNL262W
G1109	YHR118C
G1110	YNR045W
G1111	YBL086C
G1112	YDR067C
G1113	YDR317W
G1114	YPL039W
G1115	YLL022C
G1116	YMR024W
G1117	YLR215C
G1118	YLR342W
G1119	YLL029W
G1120	YKL041W
G1121	YOL010W
G1122	YMR277W
G1123	YDR001C
G1124	YIL014W
G1125	YLR412C-A
G1126	YDR268W
G1127	YDL101C
G1128	YOR250C
G1129	YGL039W
G1130	YNR002C
G1131	YNL110C
G1132	YER116C
G1133	YBR007C
G1134	YHR216W
G1135	YEL054C
G1136	YOR122C
G1137	YDR003W
G1138	YOR115C
G1139	YGR204W
G1140	YIL159W
G1141	YMR102C
G1142	YDL119C
G1143	YIL085C
G1144	YLR376C
G1145	YKL058W
G1146	YKL085W
G1147	decoy144
G1148	YKR043C
G1149	YDR462W
G1150	YMR236W
G1151	YNR001C
G1152	YOL052C-A
G1153	YJR096W
G1154	YOL091W
G1155	YDR387C
G1156	YPL033C
G1157	YDR140W
G1158	YDR378C
G1159	YNL039W
G1160	YLR271W
G1161	YLR086W
G1162	YBR160W
G1163	YJL187C
G1164	YNL299W
G1165	YNL130C-A
G1166	YHR103W
G1167	YBL019W
G1168	YDL077C
G1169	YIL022W
G1170	YGR141W
G1171	YHL044W
G1172	YPR116W
G1173	YLR321C
G1174	YNR034W
G1175	YDR354W
G1176	decoy191
G1177	YOL026C
G1178	decoy158
G1179	YKL201C
G1180	YOR205C
G1181	YNL222W
G1182	YHR159W
G1183	YBR296C
G1184	YLL024C
G1185	YHL011C
G1186	YDR410C
G1187	YGL137W
G1188	YKR081C
G1189	YGL173C
G1190	YMR152W
G1191	YCL057W
G1192	YLR405W
G1193	YGR263C
G1194	YBR065C
G1195	YPL187W
G1196	YJL160C
G1197	YML104C
G1198	YOL003C
G1199	YBR223C
G1200	YOR190W
G1201	YJL157C
G1202	YKR098C
G1203	decoy268
G1204	YDR248C
G1205	YKR087C
G1206	YGR079W
G1207	YOR253W
G1208	YDR068W
G1209	YDR173C
G1210	YPL268W
G1211	YML127W
G1212	decoy4
G1213	YOR298W
G1214	YGR023W
G1215	YML108W
G1216	YLL018C-A
G1217	YBR110W
G1218	YGL140C
G1219	YDR498C
G1220	YPR166C
G1221	YBL030C
G1222	YNL186W
G1223	YOR323C
G1224	YDR358W
G1225	YDR260C
G1226	YOR297C
G1227	YDL051W
G1228	YMR290C
G1229	YLR286C
G1230	YOL100W
G1231	YPL045W
G1232	YJR046W
G1233	YBR002C
G1234	decoy9
G1235	YOR224C
G1236	YDR435C
G1237	YNL113W
G1238	YNL259C
G1239	YHL007C
G1240	YMR301C
G1241	YOR047C
G1242	decoy59
G1243	YJL183W
G1244	YDL207W
G1245	YGR007W
G1246	YLL002W
G1247	YLR446W
G1248	YFL025C
G1249	YMR157C
G1250	YLR220W
G1251	YDR525W-A
G1252	YDR481C
G1253	YDL217C
G1254	YER104W
G1255	YJR061W
G1256	YCL027W
G1257	YJR139C
G1258	YFR046C
G1259	YEL062W
G1260	YML131W
G1261	decoy228
G1262	YGR170W
G1263	YOR286W
G1264	YFR010W
G1265	YNL070W
G1266	YOL031C
G1267	YER112W
G1268	YBR026C
G1269	YLR298C
G1270	YPL279C
G1271	YDL082W
G1272	decoy36
G1273	YFL004W
G1274	YKL016C
G1275	YKL018C-A
G1276	YHR210C
G1277	YOR173W
G1278	YDR350C
G1279	YGL219C
G1280	YOL131W
G1281	YBL071W-A
G1282	YDR424C
G1283	YPL038W-A
G1284	decoy25
G1285	YDR098C
G1286	YDR255C
G1287	YOL080C
G1288	YHR213W
G1289	YLR450W
G1290	YDL040C
G1291	YOR131C
G1292	YML037C
G1293	YGL011C
G1294	YDR461W
G1295	YDR122W
G1296	YIR004W
G1297	YER069W
G1298	YJR133W
G1299	YOR261C
G1300	YDR383C
G1301	YOR311C
G1302	YLR422W
G1303	YOR383C
G1304	YOL083W
G1305	YKL213C
G1306	YJR123W
G1307	YPL223C
G1308	YDL095W
G1309	YLR104W
G1310	YNL322C
G1311	YML129C
G1312	YDR499W
G1313	YBL101W-C
G1314	YAL003W
G1315	YDR436W
G1316	YLR036C
G1317	YNL024C
G1318	YLR281C
G1319	YGR049W
G1320	YLL048C
G1321	YNL115C
G1322	YDL064W
G1323	YMR271C
G1324	YPL252C
G1325	decoy245
G1326	YLR447C
G1327	YAL054C
G1328	YMR097C
G1329	YDR225W
G1330	YHR060W
G1331	YKL193C
G1332	YLR142W
G1333	YMR068W
G1334	YKL008C
G1335	YGL068W
G1336	YNL097C
G1337	YDR047W
G1338	decoy248
G1339	YKR018C
G1340	YAL067C
G1341	YJR094W-A
G1342	YKL219W
G1343	YGL047W
G1344	YMR083W
G1345	YDR288W
G1346	YNL085W
G1347	YPL250C
G1348	YOR026W
G1349	YOL139C
G1350	YMR091C
G1351	YGR144W
G1352	YAL059W
G1353	YLR420W
G1354	decoy253
G1355	YGL026C
G1356	YIL146C
G1357	YKL129C
G1358	YJR054W
G1359	YHR088W
G1360	YML023C
G1361	YOR350C
G1362	YGR272C
G1363	YOR304C-A
G1364	YBL045C
G1365	YDR080W
G1366	YMR015C
G1367	YER095W
G1368	YBR243C
G1369	YGR224W
G1370	YMR244W
G1371	YGL207W
G1372	YBR257W
G1373	YFL026W
G1374	decoy214
G1375	YBR137W
G1376	YKR075C
G1377	YOR394W
G1378	YFR041C
G1379	YLR181C
G1380	YLR300W
G1381	decoy201
G1382	YKR083C
G1383	YBL095W
G1384	YML062C
G1385	YLR139C
G1386	YOL006C
G1387	YIR042C
G1388	YHL016C
G1389	YEL023C
G1390	YBR042C
G1391	YPR007C
G1392	YDL218W
G1393	YBR120C
G1394	YEL061C
G1395	YFL016C
G1396	YPL249C
G1397	YCR072C
G1398	YIL020C
G1399	YDR195W
G1400	YOR237W
G1401	YJR136C
G1402	YOR334W
G1403	YNR072W
G1404	YER094C
G1405	decoy35
G1406	YNL244C
G1407	YGR251W
G1408	YHR022C-A
G1409	YIL031W
G1410	YML105C
G1411	YML046W
G1412	YAR075W
G1413	YOL119C
G1414	YEL053C
G1415	YPR183W
G1416	YAL034C
G1417	YMR212C
G1418	YKR013W
G1419	YGR070W
G1420	YGL075C
G1421	YFR003C
G1422	YLR363W-A
G1423	YOR192C
G1424	YER157W
G1425	YOR365C
G1426	YDL121C
G1427	YLR449W
G1428	YDR479C
G1429	YMR131C
G1430	YLR163C
G1431	YDR256C
G1432	YLL058W
G1433	YOR349W
G1434	YJL217W
G1435	decoy38
G1436	decoy172
G1437	YIL154C
G1438	YML070W
G1439	YER063W
G1440	YDR388W
G1441	YLR247C
G1442	decoy112
G1443	YCR101C
G1444	YOR375C
G1445	YLR297W
G1446	YAL065C
G1447	YFL030W
G1448	YJL154C
G1449	YJL097W
G1450	YJL112W
G1451	YDR357C
G1452	YJL073W
G1453	YKR063C
G1454	YIL027C
G1455	YMR026C
G1456	YJL069C
G1457	YLR461W
G1458	YMR178W
G1459	YER156C
G1460	YGR217W
G1461	YMR011W
G1462	YOR099W
G1463	YIL040W
G1464	decoy151
G1465	YBR017C
G1466	YIL158W
G1467	YAR002W
G1468	YPL214C
G1469	YKR077W
G1470	YDR446W
G1471	YEL013W
G1472	YMR104C
G1473	YGL146C
G1474	YJR138W
G1475	YDR038C
G1476	YER016W
G1477	YGR088W
G1478	YJL005W
G1479	YGR197C
G1480	YOL152W
G1481	YGR047C
G1482	YPL099C
G1483	YAR010C
G1484	YNL075W
G1485	YMR094W
G1486	YIL087C
G1487	YBL003C
G1488	YGR155W
G1489	YOR284W
G1490	YPL152W
G1491	YOR356W
G1492	YIL138C
G1493	YPL218W
G1494	YMR282C
G1495	YPR186C
G1496	YER076C
G1497	decoy169
G1498	YNL073W
G1499	YMR124W
G1500	YGR213C
G1501	YMR155W
G1502	decoy42
G1503	YOR266W
G1504	YPL001W
G1505	YBR072C-A
G1506	YGL098W
G1507	YDL237W
G1508	YDR182W
G1509	YPL164C
G1510	YPL241C
G1511	YHR136C
G1512	YJR007W
G1513	YAL040C
G1514	YPR107C
G1515	YBR200W-A
G1516	decoy273
G1517	YJL044C
G1518	YPR036W-A
G1519	YLR128W
G1520	YDR211W
G1521	YJL122W
G1522	YOL122C
G1523	YNL196C
G1524	YDR025W
G1525	decoy92
G1526	YOR043W
G1527	YKL180W
G1528	YPR175W
G1529	YGR255C
G1530	YPR005C
G1531	YKL096W-A
G1532	YNL010W
G1533	YBL098W
G1534	YDR247W
G1535	YGR273C
G1536	YGR134W
G1537	YMR004W
G1538	YGL244W
G1539	YML021C
G1540	YDR447C
G1541	YMR088C
G1542	YJL192C
G1543	YCR016W
G1544	YER093C
G1545	YER034W
G1546	YDR031W
G1547	decoy219
G1548	YEL022W
G1549	YNL282W
G1550	YPL154C
G1551	YDR214W
G1552	YNL240C
G1553	YBR280C
G1554	YNL153C
G1555	YBL018C
G1556	YLR460C
G1557	YPL229W
G1558	YMR255W
G1559	YOR211C
G1560	YOR208W
G1561	YGL006W-A
G1562	YKR001C
G1563	YBL087C
G1564	YDL017W
G1565	YHR057C
G1566	YOL103W
G1567	YHR024C
G1568	YLR089C
G1569	YPL121C
G1570	YDR206W
G1571	YAL068C
G1572	YBR062C
G1573	YPR086W
G1574	YOL034W
G1575	YDR238C
G1576	YOR005C
G1577	YIL014C-A
G1578	YKL172W
G1579	YKR017C
G1580	decoy51
G1581	YGR184C
G1582	YLR206W
G1583	YLR452C
G1584	YMR117C
G1585	YLR179C
G1586	YDR258C
G1587	YBR211C
G1588	YFL011W
G1589	YGL224C
G1590	YOR073W
G1591	YOR147W
G1592	YNL243W
G1593	YIL160C
G1594	YIL095W
G1595	decoy175
G1596	YJR112W
G1597	YMR009W
G1598	YJR108W
G1599	YOR268C
G1600	YMR107W
G1601	YFL033C
G1602	YBR248C
G1603	YOR156C
G1604	YOL039W
G1605	decoy73
G1606	YCR051W
G1607	YNL061W
G1608	YMR201C
G1609	YJR041C
G1610	YDR121W
G1611	YNL249C
G1612	YER074W-A
G1613	YOL163W
G1614	YBR003W
G1615	YNR041C
G1616	YLR275W
G1617	YOL014W
G1618	YHR011W
G1619	YJL027C
G1620	YHR035W
G1621	YMR323W
G1622	YBR183W
G1623	YBL014C
G1624	YHR036W
G1625	YHR001W-A
G1626	YOR207C
G1627	decoy188
G1628	YLR241W
G1629	decoy143
G1630	YPL186C
G1631	YBR031W
G1632	YER035W
G1633	YNR010W
G1634	decoy202
G1635	YKL154W
G1636	YNL149C
G1637	YGL084C
G1638	YBR095C
G1639	YDR235W
G1640	YER056C-A
G1641	YDR116C
G1642	YKL203C
G1643	YBL039W-A
G1644	YJR091C
G1645	YGR201C
G1646	YJL143W
G1647	YKL134C
G1648	YOR262W
G1649	YKL119C
G1650	YHR146W
G1651	YPL123C
G1652	YML121W
G1653	YHR140W
G1654	YPL110C
G1655	YPL203W
G1656	YIL161W
G1657	YIR025W
G1658	YCL021W-A
G1659	YNL320W
G1660	YOR109W
G1661	YDR367W
G1662	YCL058C
G1663	YGR041W
G1664	YJL043W
G1665	YDR329C
G1666	YHR172W
G1667	YLR441C
G1668	YCR047C
G1669	YNL238W
G1670	YJL026W
G1671	YLR454W
G1672	YBL029C-A
G1673	YMR067C
G1674	YCL054W
G1675	YMR180C
G1676	YDR055W
G1677	YPR180W
G1678	YOR134W
G1679	YIL062C
G1680	YGR270W
G1681	YGL085W
G1682	YGR174C
G1683	YFR035C
G1684	YPR169W
G1685	YLR410W
G1686	YCR099C
G1687	YLR250W
G1688	YMR014W
G1689	YOL090W
G1690	YML011C
G1691	YMR119W
G1692	YJL107C
G1693	YLR073C
G1694	YPL235W
G1695	YHR091C
G1696	YNL193W
G1697	YAL016C-B
G1698	YOR317W
G1699	YDR441C
G1700	YIL005W
G1701	YNL151C
G1702	YJL177W
G1703	YDR381W
G1704	YOR062C
G1705	YLR154W-F
G1706	YPR085C
G1707	YJL131C
G1708	YKL113C
G1709	YMR195W
G1710	YLL011W
G1711	YBR021W
G1712	YNL045W
G1713	YBL028C
G1714	YIL162W
G1715	YKR023W
G1716	YPL271W
G1717	YLR248W
G1718	YKL047W
G1719	YJR106W
G1720	YJL205C
G1721	YML030W
G1722	YDL148C
G1723	YLR094C
G1724	YKL130C
G1725	YLR003C
G1726	YCL040W
G1727	YJR155W
G1728	YJR065C
G1729	YFR018C
G1730	YJL181W
G1731	YMR202W
G1732	YBR182C-A
G1733	YMR303C
G1734	YAR007C
G1735	YHL008C
G1736	YDR092W
G1737	YLR387C
G1738	YLR433C
G1739	YMR162C
G1740	YBL025W
G1741	YPL088W
G1742	YDR308C
G1743	YNL018C
G1744	YKL125W
G1745	YPL175W
G1746	YMR028W
G1747	YBR282W
G1748	decoy57
G1749	YOR123C
G1750	YGR261C
G1751	YPL012W
G1752	YCR020C
G1753	YLR457C
G1754	YDR156W
G1755	YJL039C
G1756	YER005W
G1757	YGL248W
G1758	YNR064C
G1759	YDR249C
G1760	YLR362W
G1761	YLR178C
G1762	YJL117W
G1763	YKL182W
G1764	YOR093C
G1765	YDL214C
G1766	YBL009W
G1767	YFR027W
G1768	decoy30
G1769	YMR205C
G1770	YOR370C
G1771	YKL046C
G1772	YDL036C
G1773	YDR524W-A
G1774	decoy178
G1775	YMR158C-A
G1776	YGR214W
G1777	YLR103C
G1778	YBL104C
G1779	YGL250W
G1780	YMR251W-A
G1781	YKL189W
G1782	YLR353W
G1783	YLR070C
G1784	YDR281C
G1785	YKR095W-A
G1786	YER167W
G1787	YDR018C
G1788	YDL067C
G1789	YHR196W
G1790	YDR369C
G1791	YLR361C
G1792	YDL027C
G1793	YDL073W
G1794	YIL094C
G1795	YLR048W
G1796	YNL112W
G1797	YAL055W
G1798	YJR024C
G1799	YPL006W
G1800	YPR032W
G1801	YDL012C
G1802	YLR077W
G1803	YOR004W
G1804	YLR440C
G1805	YPL011C
G1806	YLR242C
G1807	YDR261C
G1808	YMR263W
G1809	YNR051C
G1810	YDR088C
G1811	YDR030C
G1812	YHR039C-A
G1813	YML106W
G1814	YNL166C
G1815	YDR353W
G1816	YLR046C
G1817	YBR037C
G1818	YML116W
G1819	YNR013C
G1820	YLR310C
G1821	YHR183W
G1822	YML008C
G1823	YHR191C
G1824	YLR332W
G1825	YKL168C
G1826	YJL133W
G1827	YOL120C
G1828	YML061C
G1829	YKR095W
G1830	YOR259C
G1831	decoy181
G1832	YER077C
G1833	YFL047W
G1834	YLR004C
G1835	YIL152W
G1836	decoy79
G1837	YCL048W
G1838	YPL150W
G1839	YLR254C
G1840	YER080W
G1841	YJL180C
G1842	YDL203C
G1843	YDR299W
G1844	YNL329C
G1845	YCR084C
G1846	YKR060W
G1847	YGL256W
G1848	YKL084W
G1849	YGR072W
G1850	YML065W
G1851	YGL061C
G1852	YDL197C
G1853	YMR214W
G1854	YPL101W
G1855	YLR208W
G1856	YFL036W
G1857	YBR176W
G1858	YJL046W
G1859	YPL191C
G1860	YJL133C-A
G1861	YOR276W
G1862	YBR253W
G1863	YKL181W
G1864	YML004C
G1865	decoy215
G1866	YKL139W
G1867	YBR001C
G1868	YHR043C
G1869	YBR288C
G1870	YKR056W
G1871	decoy166
G1872	YBL011W
G1873	YBL068W
G1874	YJL066C
G1875	YCR019W
G1876	YBL004W
G1877	YER134C
G1878	YOR316C-A
G1879	YLL049W
G1880	YNR044W
G1881	YBL038W
G1882	YHR100C
G1883	YER138W-A
G1884	YPL100W
G1885	YJR077C
G1886	decoy203
G1887	YKL069W
G1888	YLR418C
G1889	YMR269W
G1890	YNL237W
G1891	YER105C
G1892	YNL157W
G1893	YGR179C
G1894	decoy55
G1895	decoy265
G1896	decoy110
G1897	YKL122C
G1898	YPR108W-A
G1899	YDR286C
G1900	YPR055W
G1901	YLR010C
G1902	YJL204C
G1903	YKL146W
G1904	YGR121C
G1905	YDL132W
G1906	YNL052W
G1907	YCL026C-B
G1908	YAL037W
G1909	decoy64
G1910	YEL073C
G1911	YNL180C
G1912	YHR143W-A
G1913	YLR093C
G1914	YER014C-A
G1915	YPR108W
G1916	YKL114C
G1917	YBR272C
G1918	YMR109W
G1919	YDR021W
G1920	YJL092W
G1921	YCR108C
G1922	YDR032C
G1923	YAR066W
G1924	YNL218W
G1925	YKR027W
G1926	decoy127
G1927	YMR030W
G1928	YFR033C
G1929	YER101C
G1930	decoy176
G1931	YGL032C
G1932	YNR024W
G1933	YPR036W
G1934	decoy31
G1935	YMR299C
G1936	YMR076C
G1937	YDR427W
G1938	YIL134W
G1939	YHR108W
G1940	YPR171W
G1941	YML013W
G1942	YNL201C
G1943	YER106W
G1944	YBL108C-A
G1945	YJR004C
G1946	YJL138C
G1947	YLL012W
G1948	YGR169C
G1949	YBL051C
G1950	YMR241W
G1951	YGR037C
G1952	YHR175W
G1953	YDR356W
G1954	YDR346C
G1955	YKR051W
G1956	YML050W
G1957	YMR305C
G1958	YGR131W
G1959	YHR086W
G1960	YDR492W
G1961	YCR012W
G1962	YBR068C
G1963	decoy45
G1964	YLR033W
G1965	YMR216C
G1966	YNL277W
G1967	YLR172C
G1968	YJL061W
G1969	YBR198C
G1970	YBR296C-A
G1971	YDR144C
G1972	YPL217C
G1973	YBR125C
G1974	YIL105C
G1975	YHR018C
G1976	YDR318W
G1977	YMR148W
G1978	YPR181C
G1979	YIR006C
G1980	YJL034W
G1981	YLR183C
G1982	YDR237W
G1983	YLR216C
G1984	YDL147W
G1985	YHR002W
G1986	YGL184C
G1987	YDR529C
G1988	YOR039W
G1989	YLR063W
G1990	YOR216C
G1991	YPL239W
G1992	YJL002C
G1993	YJR095W
G1994	YIL151C
G1995	YJR035W
G1996	YKL137W
G1997	decoy88
G1998	YKR015C
G1999	YJL063C
G2000	YNL187W
G2001	YHR109W
G2002	YFR049W
G2003	YLR225C
G2004	YGR238C
G2005	YGR130C
G2006	YPL144W
G2007	YIL150C
G2008	YJL136C
G2009	YGL247W
G2010	YER100W
G2011	YDR322C-A
G2012	YBL017C
G2013	YJR105W
G2014	YGR277C
G2015	decoy198
G2016	YDR264C
G2017	YLL064C
G2018	YJL079C
G2019	YJL003W
G2020	YOL087C
G2021	YGR106C
G2022	YJL115W
G2023	YKL025C
G2024	YDR409W
G2025	YDL083C
G2026	YCL028W
G2027	YML124C
G2028	YDR101C
G2029	YGL195W
G2030	YGR157W
G2031	YLR156W
G2032	YOR059C
G2033	YDR532C
G2034	YBL064C
G2035	YHR079C
G2036	YIL043C
G2037	YBR222C
G2038	YBR276C
G2039	YHR175W-A
G2040	YFL034W
G2041	decoy221
G2042	YJL140W
G2043	YLR361C-A
G2044	YKL029C
G2045	YER061C
G2046	YLR406C
G2047	YIL045W
G2048	YDR082W
G2049	YCL061C
G2050	YNR009W
G2051	YBR082C
G2052	YHL024W
G2053	YJL148W
G2054	YMR250W
G2055	YGR048W
G2056	YML002W
G2057	YNL154C
G2058	YGL086W
G2059	YGL022W
G2060	YPR163C
G2061	YFL038C
G2062	YKL045W
G2063	YMR120C
G2064	YPL172C
G2065	YNL208W
G2066	YNR027W
G2067	YPL152W-A
G2068	YNR075W
G2069	decoy255
G2070	YKR089C
G2071	YHR030C
G2072	YPL085W
G2073	decoy84
G2074	YER048W-A
G2075	YMR149W
G2076	YBR283C
G2077	YIL042C
G2078	YNL137C
G2079	YML049C
G2080	YDR062W
G2081	YPR003C
G2082	YDL063C
G2083	YNL181W
G2084	YJR066W
G2085	YJL121C
G2086	YDL089W
G2087	YCR024C
G2088	YER090W
G2089	YOR002W
G2090	YAL008W
G2091	YGL082W
G2092	YGR275W
G2093	YKR066C
G2094	YHL033C
G2095	YKL218C
G2096	YIR018C-A
G2097	YMR261C
G2098	YPL087W
G2099	YPL109C
G2100	YPR185W
G2101	YCR034W
G2102	YER019W
G2103	YPL193W
G2104	YBR055C
G2105	YDR194C
G2106	decoy260
G2107	YJL159W
G2108	YGL205W
G2109	YNR015W
G2110	YMR226C
G2111	YMR078C
G2112	YPL117C
G2113	YHR126C
G2114	YLR173W
G2115	YGL100W
G2116	YBR215W
G2117	YNR018W
G2118	YKR067W
G2119	YNL224C
G2120	YKL007W
G2121	decoy272
G2122	YJR016C
G2123	YKR072C
G2124	YDL060W
G2125	YOL138C
G2126	YIL011W
G2127	YBR258C
G2128	YML038C
G2129	YLR335W
G2130	YDR325W
G2131	YGL249W
G2132	YKR052C
G2133	decoy56
G2134	YPR193C
G2135	YHR152W
G2136	YGL015C
G2137	YBR035C
G2138	YGR168C
G2139	YPR094W
G2140	YPL054W
G2141	YJR085C
G2142	YOL082W
G2143	YGL202W
G2144	YPL265W
G2145	YOR215C
G2146	YNL041C
G2147	YPL208W
G2148	YDR164C
G2149	YJR135W-A
G2150	YBL016W
G2151	YDR161W
G2152	YCL033C
G2153	YPR033C
G2154	YOR011W
G2155	YOR213C
G2156	YMR058W
G2157	YKR030W
G2158	YLR080W
G2159	YGL103W
G2160	YBL055C
G2161	YOR110W
G2162	YMR238W
G2163	YAR035W
G2164	YMR210W
G2165	YHR208W
G2166	YBR034C
G2167	YLR049C
G2168	YMR272W-B
G2169	YGL185C
G2170	YFL067W
G2171	YKL050C
G2172	YJL090C
G2173	YER081W
G2174	YPR074C
G2175	YBR072W
G2176	YPL131W
G2177	YOR142W
G2178	YOL045W
G2179	YEL036C
G2180	YGL230C
G2181	YJR069C
G2182	YLR155C
G2183	YBL046W
G2184	YPL130W
G2185	YOL159C-A
G2186	YGL099W
G2187	YDL058W
G2188	YBR255C-A
G2189	YOL126C
G2190	YFL009W
G2191	YDL013W
G2192	YLR186W
G2193	YDR185C
G2194	YDR406W
G2195	YNL131W
G2196	YGR204C-A
G2197	YJL200C
G2198	YGR147C
G2199	YLL052C
G2200	YGL064C
G2201	YJL208C
G2202	YDR375C
G2203	YHR073W
G2204	YOR180C
G2205	YJL165C
G2206	YMR265C
G2207	YML123C
G2208	YMR065W
G2209	YOL094C
G2210	YDL160C-A
G2211	YDR177W
G2212	YJL118W
G2213	YBR221W-A
G2214	YBR196C-A
G2215	YPL067C
G2216	YHR169W
G2217	YDR138W
G2218	YLR157W-C
G2219	YDR352W
G2220	YMR293C
G2221	YOR214C
G2222	YLR243W
G2223	YDR106W
G2224	YGR177C
G2225	YPL147W
G2226	YNL273W
G2227	YLR443W
G2228	YKR085C
G2229	YJR115W
G2230	YJL053W
G2231	YBR164C
G2232	YMR114C
G2233	YJR051W
G2234	YKL100C
G2235	YPL092W
G2236	YHR132W-A
G2237	decoy142
G2238	YLR115W
G2239	YLR314C
G2240	YCR031C
G2241	YER018C
G2242	YBR188C
G2243	YIL009W
G2244	YDR244W
G2245	YNL029C
G2246	YLR026C
G2247	YPL253C
G2248	YLR459W
G2249	YNL234W
G2250	YJL201W
G2251	YLL006W
G2252	YPL014W
G2253	YNL156C
G2254	YPR158W
G2255	YLR092W
G2256	YBR173C
G2257	YHR067W
G2258	YGL156W
G2259	YKR091W
G2260	decoy280
G2261	YBR069C
G2262	YLR134W
G2263	YOL055C
G2264	YOL052C
G2265	YOL070C
G2266	YGL020C
G2267	YBL075C
G2268	YHR143W
G2269	YDR411C
G2270	YDL129W
G2271	YBR167C
G2272	YPL120W
G2273	YGR110W
G2274	YOR008C
G2275	YLR373C
G2276	YEL003W
G2277	YCL057C-A
G2278	YKL012W
G2279	decoy225
G2280	YJL203W
G2281	YDR298C
G2282	YGL044C
G2283	YKL210W
G2284	decoy115
G2285	YKL138C
G2286	YCL005W
G2287	YKL127W
G2288	YLR283W
G2289	YJL108C
G2290	YGL188C-A
G2291	YJL158C
G2292	YIL048W
G2293	YGL198W
G2294	YPL065W
G2295	YML080W
G2296	decoy135
G2297	YMR184W
G2298	YIL078W
G2299	YCR042C
G2300	YDL189W
G2301	YKL023W
G2302	YMR079W
G2303	YER036C
G2304	YLR347C
G2305	YPR070W
G2306	YDR270W
G2307	YDR471W
G2308	YGR250C
G2309	YEL070W
G2310	YDL091C
G2311	YJL167W
G2312	YBR175W
G2313	YBR230W-A
G2314	YPL194W
G2315	YMR194W
G2316	YOL029C
G2317	YDR222W
G2318	YDL097C
G2319	YMR225C
G2320	YBR299W
G2321	decoy1
G2322	YKL086W
G2323	YPL272C
G2324	YML058W
G2325	YIL055C
G2326	YJL080C
G2327	YGL019W
G2328	YPL068C
G2329	YPL015C
G2330	YGL093W
G2331	YPR020W
G2332	YGR286C
G2333	YDL210W
G2334	YOR161C-C
G2335	YCR105W
G2336	YJR082C
G2337	YKR065C
G2338	YIL092W
G2339	YEL040W
G2340	YDL007W
G2341	YIL041W
G2342	YCR003W
G2343	YIL140W
G2344	decoy239
G2345	YNL265C
G2346	YGR222W
G2347	YIL155C
G2348	YKR050W
G2349	YNL190W
G2350	YGL258W-A
G2351	YGL059W
G2352	YIL061C
G2353	decoy224
G2354	YCR057C
G2355	YFR042W
G2356	YOL114C
G2357	YNR047W
G2358	YMR196W
G2359	YLR082C
G2360	YOR265W
G2361	YKL009W
G2362	YLL056C
G2363	YOR120W
G2364	YJR053W
G2365	YOL012C
G2366	YLR355C
G2367	YML054C
G2368	YDL201W
G2369	YHR047C
G2370	YBL102W
G2371	YDR129C
G2372	YKL073W
G2373	YMR032W
G2374	YOR362C
G2375	YBR117C
G2376	YDR484W
G2377	YDR066C
G2378	YLL026W
G2379	YGR282C
G2380	YBL050W
G2381	YLR435W
G2382	YER057C
G2383	YLR205C
G2384	YEL064C
G2385	YER119C
G2386	YHR085W
G2387	YDR345C
G2388	YNL142W
G2389	YGR109W-B
G2390	YDR309C
G2391	YHL048W
G2392	YER123W
G2393	YDR380W
G2394	YIL133C
G2395	YGR227W
G2396	decoy244
G2397	YPR153W
G2398	YIL037C
G2399	YBR302C
G2400	YBR057C
G2401	YNL291C
G2402	YNL294C
G2403	YLR117C
G2404	YIL003W
G2405	YNL096C
G2406	YKL011C
G2407	YIL173W
G2408	YMR122W-A
G2409	YJL155C
G2410	YOR254C
G2411	YLR456W
G2412	YIL018W
G2413	YKL106W
G2414	YDR464W
G2415	YGL163C
G2416	YLR284C
G2417	YKR016W
G2418	YJL081C
G2419	YPR115W
G2420	YIL073C
G2421	YML020W
G2422	YHL031C
G2423	YJL116C
G2424	YJR084W
G2425	YBR052C
G2426	YPL009C
G2427	YDR166C
G2428	YBR264C
G2429	YHL043W
G2430	YIR010W
G2431	YGR241C
G2432	YHL042W
G2433	YNL118C
G2434	YOR161C
G2435	YLR329W
G2436	YPL201C
G2437	YIL049W
G2438	YGR183C
G2439	YDR508C
G2440	YEL035C
G2441	YLR287C
G2442	YDL209C
G2443	YGR220C
G2444	YGR042W
G2445	YLR378C
G2446	YDR041W
G2447	YCR052W
G2448	YBL010C
G2449	YER110C
G2450	YDR330W
G2451	YGL095C
G2452	YIL029C
G2453	YJR008W
G2454	YMR260C
G2455	YHR177W
G2456	YGR209C
G2457	YHR133C
G2458	YJL185C
G2459	YIL082W-A
G2460	YDR022C
G2461	YOR368W
G2462	YDR506C
G2463	YCR020W-B
G2464	YDR058C
G2465	YNL024C-A
G2466	decoy82
G2467	YDL243C
G2468	YPR162C
G2469	YAL043C
G2470	YBL044W
G2471	YHL023C
G2472	YBR076W
G2473	YJL147C
G2474	YFR043C
G2475	YNL287W
G2476	YHR163W
G2477	YMR268C
G2478	decoy210
G2479	YIL149C
G2480	YBL037W
G2481	YJR005W
G2482	YMR230W-A
G2483	YMR044W
G2484	YMR244C-A
G2485	decoy76
G2486	YBL059C-A
G2487	YJL045W
G2488	YOR209C
G2489	YNL067W-B
G2490	YPR051W
G2491	YKL026C
G2492	YDR061W
G2493	YEL004W
G2494	YGR212W
G2495	YLR091W
G2496	YDL028C
G2497	YNL133C
G2498	YDL195W
G2499	YIL064W
G2500	YGR159C
G2501	YPR035W
G2502	decoy18
G2503	YJR150C
G2504	YOL147C
G2505	YBR236C
G2506	YDL238C
G2507	YGR080W
G2508	YMR023C
G2509	YHR132C
G2510	YLR342W-A
G2511	YPL155C
G2512	YDR197W
G2513	YPL160W
G2514	YLR290C
G2515	decoy87
G2516	YPL189C-A
G2517	YJL126W
G2518	YMR092C
G2519	YIL074C
G2520	YHR149C
G2521	YJL041W
G2522	YBR106W
G2523	decoy94
G2524	YBR078W
G2525	YGL029W
G2526	YEL075C
G2527	YFR007W
G2528	YGR149W
G2529	YJR022W
G2530	YDL047W
G2531	YBL101C
G2532	decoy145
G2533	YPL146C
G2534	decoy11
G2535	YOR360C
G2536	YGR101W
G2537	YDR438W
G2538	YDR522C
G2539	YJL037W
G2540	YLR299W
G2541	YML096W
G2542	YDR530C
G2543	YMR029C
G2544	YDL179W
G2545	YFR055W
G2546	YNL251C
G2547	YJR048W
G2548	YCR102C
G2549	YOR374W
G2550	YLR438W
G2551	YLR233C
G2552	YPL096C-A
G2553	YMR283C
G2554	YML064C
G2555	YEL059C-A
G2556	YJL189W
G2557	YOR336W
G2558	YKR055W
G2559	YMR071C
G2560	YER139C
G2561	YGL014W
G2562	YOR303W
G2563	YPL237W
G2564	YDL208W
G2565	YKL173W
G2566	YFR014C
G2567	YGL153W
G2568	YLR304C
G2569	YFL039C
G2570	YDL143W
G2571	YJL004C
G2572	YMR219W
G2573	decoy147
G2574	YER055C
G2575	YKL039W
G2576	YDR440W
G2577	YML048W
G2578	YBR077C
G2579	YBR029C
G2580	YDR060W
G2581	YDL115C
G2582	YIR038C
G2583	YJR005C-A
G2584	YGL045W
G2585	YJR032W
G2586	YMR297W
G2587	YOR373W
G2588	YPL259C
G2589	YGR035W-A
G2590	YGR102C
G2591	YNL221C
G2592	YFL023W
G2593	YOR058C
G2594	decoy266
G2595	YOL088C
G2596	YPR149W
G2597	YLR429W
G2598	YFL050C
G2599	YNL101W
G2600	YDR368W
G2601	YPR165W
G2602	YLL008W
G2603	YLR187W
G2604	YGR026W
G2605	YAR008W
G2606	YLL041C
G2607	YBR233W-A
G2608	YCL029C
G2609	YIR019C
G2610	YJL099W
G2611	YGL016W
G2612	YMR064W
G2613	YMR123W
G2614	YGL161C
G2615	YHL018W
G2616	YJL006C
G2617	YGR112W
G2618	YDR135C
G2619	YKR100C
G2620	YMR215W
G2621	YMR156C
G2622	decoy37
G2623	YDL006W
G2624	YPL034W
G2625	YML041C
G2626	YER007W
G2627	YBR259W
G2628	YBR118W
G2629	YLR054C
G2630	YPR200C
G2631	YMR098C
G2632	YDL178W
G2633	YFL005W
G2634	decoy62
G2635	YLR309C
G2636	YCR026C
G2637	YLR141W
G2638	YER152C
G2639	YGR121W-A
G2640	YGR020C
G2641	YGL134W
G2642	YOL019W-A
G2643	YAL048C
G2644	YDR429C
G2645	YNL260C
G2646	YNL049C
G2647	YOR227W
G2648	YNL116W
G2649	YPR117W
G2650	YIL157C
G2651	YJR049C
G2652	YPR001W
G2653	YOR293C-A
G2654	YOR046C
G2655	YPR023C
G2656	YJL213W
G2657	YKL049C
G2658	YHR162W
G2659	YDR261C-D
G2660	YKR026C
G2661	YHR069C
G2662	YGR092W
G2663	YGL242C
G2664	YCL045C
G2665	YBR189W
G2666	YER180C-A
G2667	YLR438C-A
G2668	YIL121W
G2669	YFL017C
G2670	YOL033W
G2671	YLR351C
G2672	decoy199
G2673	YNL107W
G2674	YOR231W
G2675	YJL047C-A
G2676	YEL029C
G2677	YDR104C
G2678	decoy97
G2679	YDL232W
G2680	YMR318C
G2681	YER177W
G2682	YLR018C
G2683	YDR034C-A
G2684	YER171W
G2685	YER113C
G2686	YGL012W
G2687	YDL103C
G2688	YCL030C
G2689	YML125C
G2690	YDR384C
G2691	YHR110W
G2692	decoy262
G2693	YBR210W
G2694	YPR109W
G2695	decoy103
G2696	YNL327W
G2697	YER072W
G2698	YMR310C
G2699	YML028W
G2700	YIL165C
G2701	YPL095C
G2702	YLR386W
G2703	YOL107W
G2704	YLR199C
G2705	YDL145C
G2706	YLR356W
G2707	YOR324C
G2708	YDR376W
G2709	YBL035C
G2710	YBL005W-A
G2711	YNL301C
G2712	YNL095C
G2713	YFR032C-A
G2714	YPL178W
G2715	YDR301W
G2716	YMR322C
G2717	YGL081W
G2718	YKL150W
G2719	YPL184C
G2720	YNL146W
G2721	YJR113C
G2722	YDL046W
G2723	YHR165C
G2724	YBR041W
G2725	YPR006C
G2726	YDR027C
G2727	YFL002C
G2728	YKL017C
G2729	YOR236W
G2730	YBL040C
G2731	YJL085W
G2732	YGL179C
G2733	YMR121C
G2734	YGR229C
G2735	YDL128W
G2736	YLR105C
G2737	YJL190C
G2738	YHR033W
G2739	YDL216C
G2740	YGL262W
G2741	decoy133
G2742	YLL009C
G2743	decoy283
G2744	YBR146W
G2745	YBR101C
G2746	YPL151C
G2747	YMR040W
G2748	YOR119C
G2749	YBL042C
G2750	YLR319C
G2751	YNR006W
G2752	YOL008W
G2753	YCR021C
G2754	YDL150W
G2755	YMR240C
G2756	decoy49
G2757	YEL065W
G2758	YHR184W
G2759	YDR188W
G2760	YDR428C
G2761	YML086C
G2762	YMR144W
G2763	YKL209C
G2764	YBL007C
G2765	YNL078W
G2766	YOR176W
G2767	YKR061W
G2768	YIL075C
G2769	YNL281W
G2770	YEL050C
G2771	YIL103W
G2772	YNR071C
G2773	YPL046C
G2774	YDR127W
G2775	YBR268W
G2776	YDR142C
G2777	YEL012W
G2778	YBR265W
G2779	YHR001W
G2780	YBR186W
G2781	YLR336C
G2782	YNL225C
G2783	YOL061W
G2784	YER143W
G2785	YBR142W
G2786	YNR028W
G2787	YMR055C
G2788	YBR053C
G2789	YDL171C
G2790	YMR191W
G2791	YOL135C
G2792	YNR061C
G2793	YGR152C
G2794	YPL132W
G2795	YOR074C
G2796	YOL081W
G2797	decoy14
G2798	YMR185W
G2799	YDL239C
G2800	YDL185W
G2801	YDL188C
G2802	YDR272W
G2803	YIL019W
G2804	YGR173W
G2805	YOR179C
G2806	YER060W-A
G2807	YLR222C
G2808	YKL070W
G2809	YKR078W
G2810	YDR307W
G2811	YGR191W
G2812	YLR078C
G2813	YOL133W
G2814	YDR267C
G2815	YLR008C
G2816	YER019C-A
G2817	YDL226C
G2818	YIL104C
G2819	YBR234C
G2820	YER066W
G2821	YGR081C
G2822	YKL206C
G2823	YDR125C
G2824	YPR041W
G2825	YLL036C
G2826	YKR069W
G2827	YOL164W
G2828	YKL195W
G2829	YDR347W
G2830	YOL124C
G2831	YPR024W
G2832	YNL269W
G2833	YER086W
G2834	YJR039W
G2835	YGL051W
G2836	YPL013C
G2837	YDL035C
G2838	YKL175W
G2839	YOR280C
G2840	YPR021C
G2841	YIL144W
G2842	YDR349C
G2843	YDR113C
G2844	YDR275W
G2845	YMR287C
G2846	YDR147W
G2847	YBL031W
G2848	YLR200W
G2849	YIL099W
G2850	YOL110W
G2851	YIL137C
G2852	YPL050C
G2853	YPR016C
G2854	YKL148C
G2855	YPL024W
G2856	YLR389C
G2857	YBR168W
G2858	YOR278W
G2859	YNL063W
G2860	YDR212W
G2861	YLR212C
G2862	decoy271
G2863	YOR157C
G2864	decoy237
G2865	YOR319W
G2866	YDL233W
G2867	YGR076C
G2868	YCL010C
G2869	YLR126C
G2870	YLR114C
G2871	YGL160W
G2872	YIL088C
G2873	decoy29
G2874	YGL178W
G2875	YBR047W
G2876	YIL143C
G2877	YHR096C
G2878	YDL186W
G2879	YGR187C
G2880	YOR009W
G2881	YER013W
G2882	YHR025W
G2883	YCL052C
G2884	YJL127C-B
G2885	YDL224C
G2886	YML115C
G2887	YFL037W
G2888	YPL007C
G2889	YDR497C
G2890	YGR146C-A
G2891	YJR003C
G2892	YDL165W
G2893	YBR143C
G2894	decoy155
G2895	YER186C
G2896	YOR049C
G2897	YMR247C
G2898	YBR279W
G2899	YJR086W
G2900	YAL063C-A
G2901	YIL096C
G2902	YER131W
G2903	decoy86
G2904	YAR033W
G2905	YOR158W
G2906	YGR287C
G2907	YNL283C
G2908	YMR218C
G2909	YDR434W
G2910	YLR145W
G2911	YBR269C
G2912	YJR099W
G2913	YDL229W
G2914	YOR071C
G2915	YLR377C
G2916	YMR278W
G2917	YJR134C
G2918	decoy242
G2919	YDL008W
G2920	decoy207
G2921	YBL023C
G2922	YIL118W
G2923	YOR019W
G2924	YNL223W
G2925	decoy216
G2926	YBR073W
G2927	YNL192W
G2928	YKL027W
G2929	YLR224W
G2930	YKL192C
G2931	YDR305C
G2932	YOR355W
G2933	YIL132C
G2934	YKL001C
G2935	YEL017W
G2936	decoy194
G2937	YOR389W
G2938	YNL090W
G2939	YDR221W
G2940	YAR031W
G2941	YGR181W
G2942	YLR262C-A
G2943	YLR445W
G2944	YNR034W-A
G2945	YJR143C
G2946	YER174C
G2947	YGL106W
G2948	YBR192W
G2949	decoy223
G2950	YCR091W
G2951	YBL024W
G2952	YGL170C
G2953	YIL134C-A
G2954	YLR154W-E
G2955	YGL228W
G2956	YEL048C
G2957	YHR214C-E
G2958	YDR261W-B
G2959	YBR294W
G2960	YBR166C
G2961	decoy47
G2962	YNL275W
G2963	YDR097C
G2964	YOR347C
G2965	decoy159
G2966	YLR229C
G2967	YLR324W
G2968	YBR204C
G2969	YNL062C
G2970	YPL213W
G2971	YOR056C
G2972	YDR231C
G2973	YDR152W
G2974	YDR227W
G2975	YDL206W
G2976	YLR047C
G2977	YPR102C
G2978	YNL021W
G2979	YER155C
G2980	YER172C
G2981	YOR305W
G2982	YDL193W
G2983	YPL225W
G2984	YGR283C
G2985	YJR130C
G2986	YDR523C
G2987	YOR340C
G2988	YOR188W
G2989	YBR115C
G2990	YHR182W
G2991	YJL042W
G2992	YDL138W
G2993	YLR020C
G2994	YGL225W
G2995	YER017C
G2996	YML026C
G2997	YBR127C
G2998	YGR158C
G2999	YJL196C
G3000	YER154W
G3001	YNL034W
G3002	YIR022W
G3003	YMR111C
G3004	YMR300C
G3005	YHR193C
G3006	YBL078C
G3007	YLL005C
G3008	YGL124C
G3009	YOL109W
G3010	YJL095W
G3011	YGL226C-A
G3012	YPR057W
G3013	YOR184W
G3014	YGR105W
G3015	YPR067W
G3016	YNL194C
G3017	YHR097C
G3018	YHR192W
G3019	YOL159C
G3020	YLR038C
G3021	YLL023C
G3022	YLR168C
G3023	YHR021W-A
G3024	decoy241
G3025	YDR292C
G3026	YDL076C
G3027	YLR209C
G3028	decoy2
G3029	YOL123W
G3030	YOR045W
G3031	YBL002W
G3032	YDR504C
G3033	YJR103W
G3034	YOL017W
G3035	YAL026C
G3036	YLR045C
G3037	YJL212C
G3038	YJR151W-A
G3039	YGR120C
G3040	YAR019C
G3041	YOR042W
G3042	YBR225W
G3043	YKR093W
G3044	YMR175W-A
G3045	YPL115C
G3046	YGL206C
G3047	decoy204
G3048	YDL140C
G3049	YKL048C
G3050	YKL159C
G3051	YPL119C
G3052	YMR262W
G3053	YER093C-A
G3054	YAR064W
G3055	YGL172W
G3056	YGR175C
G3057	YFR057W
G3058	YMR186W
G3059	YDR483W
G3060	YDR224C
G3061	YER179W
G3062	YGL065C
G3063	YGR123C
G3064	YMR146C
G3065	YJL218W
G3066	YIL076W
G3067	YMR147W
G3068	YBR230C
G3069	YPL061W
G3070	YGR129W
G3071	YKL033W
G3072	YOR104W
G3073	YJL070C
G3074	YOR145C
G3075	YCR067C
G3076	YGR093W
G3077	YDL227C
G3078	YMR192W
G3079	decoy16
G3080	YDR507C
G3081	YIR032C
G3082	decoy200
G3083	YLR401C
G3084	YLL021W
G3085	YOR020C
G3086	YPR011C
G3087	YMR134W
G3088	YGR075C
G3089	YCL024W
G3090	YGL130W
G3091	YDR283C
G3092	decoy173
G3093	YCL012C
G3094	YGL009C
G3095	YGL090W
G3096	YMR276W
G3097	YDR083W
G3098	YNR075C-A
G3099	YOR021C
G3100	YFL046W
G3101	YLL019C
G3102	YOR014W
G3103	YPR187W
G3104	YDR165W
G3105	YHL006C
G3106	YML092C
G3107	YPL060W
G3108	YKL162C
G3109	YLR060W
G3110	YGL126W
G3111	YIL033C
G3112	YGL196W
G3113	YOL027C
G3114	YPR073C
G3115	YFL034C-B
G3116	YMR308C
G3117	YNL207W
G3118	YBR191W
G3119	YDL116W
G3120	YDR042C
G3121	YBR030W
G3122	YHR028C
G3123	YLR174W
G3124	YBR200W
G3125	YPL098C
G3126	YGL108C
G3127	YFR005C
G3128	YKL163W
G3129	YNL197C
G3130	YKL126W
G3131	YFR015C
G3132	YPL165C
G3133	YML052W
G3134	YDR503C
G3135	YBR278W
G3136	YLR028C
G3137	YFR047C
G3138	YHL003C
G3139	YNL064C
G3140	YPL176C
G3141	YGR109C
G3142	YHR051W
G3143	YGR091W
G3144	YOR027W
G3145	YLR448W
G3146	YBR084W
G3147	YBR104W
G3148	decoy5
G3149	YDR130C
G3150	YMR274C
G3151	YNL065W
G3152	decoy125
G3153	YLR312C-B
G3154	YPL111W
G3155	YFL048C
G3156	YPL134C
G3157	YKL212W
G3158	YMR142C
G3159	YJR044C
G3160	YFL001W
G3161	YLR012C
G3162	YIL035C
G3163	YDR321W
G3164	YBR213W
G3165	YNL032W
G3166	YBL027W
G3167	YHR127W
G3168	YOL104C
G3169	YNL036W
G3170	YBR140C
G3171	YIR007W
G3172	YGL220W
G3173	YKL018W
G3174	YOR222W
G3175	YOR136W
G3176	YBR044C
G3177	YPL126W
G3178	YMR012W
G3179	YGR057C
G3180	YPL249C-A
G3181	YBR085W
G3182	YCR023C
G3183	YPL137C
G3184	YCL001W-B
G3185	YJR079W
G3186	YGR031W
G3187	YGL021W
G3188	YNR046W
G3189	YJR019C
G3190	YNL231C
G3191	YML019W
G3192	YOR275C
G3193	YBL099W
G3194	YGL094C
G3195	YGL057C
G3196	YOR201C
G3197	YOR204W
G3198	YOR127W
G3199	decoy208
G3200	decoy250
G3201	YLR170C
G3202	YDR145W
G3203	YDR363W-A
G3204	YGL054C
G3205	YOR306C
G3206	YEL020W-A
G3207	YGR198W
G3208	YGR009C
G3209	YOL011W
G3210	YKL128C
G3211	YAL044W-A
G3212	YBR063C
G3213	YOR138C
G3214	YNL102W
G3215	YOR075W
G3216	YHR034C
G3217	YDR198C
G3218	YDR473C
G3219	YPR078C
G3220	YJL141C
G3221	YAL020C
G3222	YBR159W
G3223	YDR085C
G3224	YLR357W
G3225	YBR121C
G3226	YLR431C
G3227	YOR238W
G3228	YLR072W
G3229	YBL057C
G3230	YML054C-A
G3231	YMR013C
G3232	YNL267W
G3233	YGL176C
G3234	YOL140W
G3235	YKL065C
G3236	YCL068C
G3237	YKR008W
G3238	YLR421C
G3239	YAL047C
G3240	YPL255W
G3241	YIL089W
G3242	YAL049C
G3243	decoy269
G3244	YIR036C
G3245	YNL288W
G3246	YDR035W
G3247	YJL178C
G3248	YFL024C
G3249	YJL111W
G3250	YLR305C
G3251	YDR379W
G3252	YDR219C
G3253	YOR068C
G3254	YOL146W
G3255	YER083C
G3256	YGR062C
G3257	YOR031W
G3258	YDR449C
G3259	YAL029C
G3260	YER099C
G3261	YLR407W
G3262	YLR412W
G3263	YDR132C
G3264	YKR104W
G3265	YCR094W
G3266	YIL008W
G3267	YMR224C
G3268	YOR048C
G3269	YBL112C
G3270	YMR038C
G3271	YMR235C
G3272	YOR247W
G3273	YJR015W
G3274	YFR013W
G3275	decoy71
G3276	YNL206C
G3277	YHR064C
G3278	YDR251W
G3279	YIL030C
G3280	YHR170W
G3281	decoy257
G3282	YOR163W
G3283	decoy259
G3284	YMR048W
G3285	YGR278W
G3286	YOL022C
G3287	YDL069C
G3288	YLL015W
G3289	YOR167C
G3290	YKR080W
G3291	YPL209C
G3292	YKL194C
G3293	YNL121C
G3294	YMR093W
G3295	YDR386W
G3296	YER059W
G3297	YDL223C
G3298	YKR014C
G3299	YKR020W
G3300	YKL176C
G3301	YPR093C
G3302	YLR246W
G3303	YDR364C
G3304	YGL155W
G3305	YPR049C
G3306	YEL069C
G3307	YPR129W
G3308	YJL197W
G3309	YPR120C
G3310	YGL258W
G3311	YKL057C
G3312	YKL078W
G3313	YIL115C
G3314	YFL053W
G3315	YGR135W
G3316	YHR113W
G3317	YPR088C
G3318	YMR312W
G3319	YLR019W
G3320	YOL013W-B
G3321	YGL231C
G3322	YDL029W
G3323	YLR001C
G3324	YJR151C
G3325	YEL005C
G3326	YJL186W
G3327	YFR021W
G3328	YMR291W
G3329	YDR153C
G3330	YOR301W
G3331	YLR312C
G3332	YPL183C
G3333	YDR087C
G3334	YDL124W
G3335	YLR265C
G3336	YBR245C
G3337	YCL047C
G3338	YNL040W
G3339	YKL096C-B
G3340	YOL048C
G3341	YAR035C-A
G3342	YLR191W
G3343	YDR175C
G3344	decoy164
G3345	YOR141C
G3346	YPR111W
G3347	YEL063C
G3348	YER050C
G3349	YPL106C
G3350	YER042W
G3351	YOR242C
G3352	YNR003C
G3353	YDR184C
G3354	YDR489W
G3355	YER004W
G3356	YBL020W
G3357	YLL010C
G3358	YJR063W
G3359	YPL037C
G3360	YHR021C
G3361	YGR133W
G3362	YCR037C
G3363	YNL274C
G3364	YIL110W
G3365	YHL019C
G3366	YLL014W
G3367	YJL023C
G3368	YJR011C
G3369	decoy52
G3370	YBR172C
G3371	YGL142C
G3372	YPL153C
G3373	YNL009W
G3374	YPL010W
G3375	YNL148C
G3376	YJL074C
G3377	YAR003W
G3378	YEL046C
G3379	YLR340W
G3380	YIL007C
G3381	YGL164C
G3382	YCR079W
G3383	YGL038C
G3384	YJL163C
G3385	YLR219W
G3386	decoy116
G3387	YMR208W
G3388	YLL042C
G3389	YJR068W
G3390	YER044C
G3391	YPL212C
G3392	YPL059W
G3393	YOR267C
G3394	YAR014C
G3395	YDL098C
G3396	YMR220W
G3397	YHR063C
G3398	YMR001C-A
G3399	YLR239C
G3400	YJR062C
G3401	decoy141
G3402	YPR167C
G3403	YMR159C
G3404	YKR006C
G3405	YDL154W
G3406	YLR417W
G3407	YPL091W
G3408	YJR076C
G3409	decoy46
G3410	YGR281W
G3411	YGR017W
G3412	YKL116C
G3413	YPR048W
G3414	YBR169C
G3415	YDR124W
G3416	YGL079W
G3417	YLR053C
G3418	decoy100
G3419	YBL059W
G3420	YGR211W
G3421	YDR233C
G3422	YHR115C
G3423	YDR393W
G3424	YBL079W
G3425	YPL161C
G3426	YGR216C
G3427	YKR054C
G3428	YKL068W-A
G3429	YFR050C
G3430	YHR176W
G3431	YKL178C
G3432	YGR077C
G3433	YDR374C
G3434	YPR174C
G3435	YLR162W
G3436	YBR148W
G3437	YFL040W
G3438	YKL121W
G3439	YGR166W
G3440	YOR226C
G3441	YKL090W
G3442	YDR072C
G3443	YDR159W
G3444	YDR178W
G3445	YNL217W
G3446	YBR286W
G3447	YKL071W
G3448	YMR081C
G3449	YJR104C
G3450	YNL035C
G3451	YBR220C
G3452	YPR113W
G3453	YIL125W
G3454	YPR089W
G3455	YOL019W
G3456	YOR288C
G3457	YOR233W
G3458	YPL183W-A
G3459	YHR156C
G3460	YGL216W
G3461	YGR132C
G3462	YJL151C
G3463	YGR199W
G3464	YBR056W-A
G3465	YGL113W
G3466	YDL085W
G3467	YJL146W
G3468	YML007C-A
G3469	YGR189C
G3470	YLR175W
G3471	YOR241W
G3472	YNL100W
G3473	YPL052W
G3474	YDR217C
G3475	YKR076W
G3476	YGR001C
G3477	decoy58
G3478	YCR030C
G3479	YDR245W
G3480	YOR353C
G3481	YOR221C
G3482	YDL059C
G3483	YPL207W
G3484	YDR162C
G3485	YPL233W
G3486	YNL058C
G3487	YPL135W
G3488	YBR138C
G3489	YDR013W
G3490	YPR143W
G3491	YGL234W
G3492	YGR185C
G3493	YPR045C
G3494	YFR029W
G3495	YMR251W
G3496	YML097C
G3497	YPR084W
G3498	YPL086C
G3499	YER074W
G3500	YCR010C
G3501	YHR122W
G3502	YLR240W
G3503	YLR192C
G3504	YIL015W
G3505	YHR117W
G3506	YGL005C
G3507	YHR031C
G3508	YER144C
G3509	YKL033W-A
G3510	YGR030C
G3511	YAL046C
G3512	YJL194W
G3513	YPR010C
G3514	YER070W
G3515	YLR393W
G3516	YMR246W
G3517	YHR181W
G3518	YMR206W
G3519	YDL110C
G3520	YMR165C
G3521	YLL055W
G3522	YDL245C
G3523	YDR103W
G3524	YFR012W
G3525	YNL252C
G3526	YER122C
G3527	YLL003W
G3528	YDR118W
G3529	YCR032W
G3530	YNL264C
G3531	YDR119W
G3532	YGR074W
G3533	decoy132
G3534	YFR026C
G3535	YLR382C
G3536	YDR046C
G3537	YNL271C
G3538	YBR080C
G3539	YGR271C-A
G3540	YGL235W
G3541	YEL018W
G3542	decoy95
G3543	YDR403W
G3544	YAL015C
G3545	YDR372C
G3546	YLR368W
G3547	YPL173W
G3548	YDR045C
G3549	YAL064C-A
G3550	YLR052W
G3551	YGR200C
G3552	decoy74
G3553	YNL248C
G3554	YBL047C
G3555	YIL127C
G3556	YOL038C-A
G3557	YLR130C
G3558	decoy123
G3559	YPL069C
G3560	YOR258W
G3561	YPR190C
G3562	YML066C
G3563	YER041W
G3564	YNL300W
G3565	YBR247C
G3566	YMR062C
G3567	YGL144C
G3568	YDR458C
G3569	decoy279
G3570	YGL201C
G3571	YJL144W
G3572	decoy183
G3573	YKL067W
G3574	YHR044C
G3575	YGL116W
G3576	YGL145W
G3577	YBR197C
G3578	YJR125C
G3579	YIL112W
G3580	YDR541C
G3581	YCL036W
G3582	YNL315C
G3583	YPR058W
G3584	YLR102C
G3585	YOL129W
G3586	YJR034W
G3587	YJL055W
G3588	YDR524C
G3589	YOR281C
G3590	decoy17
G3591	YGL040C
G3592	YER039C
G3593	YHR209W
G3594	YJR040W
G3595	YLR267W
G3596	YIL129C
G3597	YDL025C
G3598	YCL009C
G3599	YDR430C
G3600	YKL063C
G3601	YKR084C
G3602	YFL018C
G3603	YDL074C
G3604	decoy134
G3605	YEL007W
G3606	YGR108W
G3607	YCR086W
G3608	YGR143W
G3609	YDR476C
G3610	YDR505C
G3611	YGL120C
G3612	YPL171C
G3613	YOR084W
G3614	YJL088W
G3615	YDR183W
G3616	YCR038C
G3617	YDR328C
G3618	YKL068W
G3619	YIL050W
G3620	YLR138W
G3621	YAL039C
G3622	YKL087C
G3623	YDR501W
G3624	YNR057C
G3625	YMR232W
G3626	YEL071W
G3627	YPL019C
G3628	YMR118C
G3629	YLR268W
G3630	YGR033C
G3631	YGL115W
G3632	YNL071W
G3633	YOL064C
G3634	YJR118C
G3635	YPL094C
G3636	YLL034C
G3637	YNR039C
G3638	YOR212W
G3639	YLR210W
G3640	YMR001C
G3641	YBR141C
G3642	YIL176C
G3643	YIR008C
G3644	YKL151C
G3645	YOR023C
G3646	YNR004W
G3647	YER047C
G3648	YLR017W
G3649	YDR109C
G3650	YGR174W-A
G3651	YLL004W
G3652	YCR083W
G3653	YNL284C
G3654	YKR037C
G3655	YDR454C
G3656	YDR297W
G3657	YJR124C
G3658	YOR371C
G3659	YOL025W
G3660	YFR023W
G3661	YML119W
G3662	YFR045W
G3663	decoy130
G3664	YPL004C
G3665	decoy238
G3666	YNL172W
G3667	decoy278
G3668	YLR315W
G3669	YCR088W
G3670	YNL124W
G3671	YKL055C
G3672	YBL072C
G3673	YDR090C
G3674	YNL182C
G3675	YGL119W
G3676	decoy246
G3677	YNL008C
G3678	YLR419W
G3679	YJR058C
G3680	decoy90
G3681	YPR082C
G3682	YAL010C
G3683	YNL006W
G3684	YKL092C
G3685	YLR197W
G3686	YDR006C
G3687	YIR034C
G3688	YOL075C
G3689	YGR257C
G3690	YNL302C
G3691	YNR023W
G3692	YDR131C
G3693	YAR050W
G3694	YNL177C
G3695	YOR361C
G3696	YHR101C
G3697	YDR490C
G3698	YHR134W
G3699	YCL025C
G3700	YEL030W
G3701	YLR120C
G3702	YPL036W
G3703	YJL020C
G3704	YAR042W
G3705	YER087W
G3706	YOR153W
G3707	YLR308W
G3708	YGR096W
G3709	decoy104
G3710	YKL089W
G3711	YOR273C
G3712	YJR093C
G3713	YLR390W-A
G3714	YGR243W
G3715	YMR316W
G3716	YBL060W
G3717	YHR168W
G3718	YGR206W
G3719	YOR272W
G3720	YBL082C
G3721	YGL215W
G3722	YHL040C
G3723	YEL001C
G3724	YPR155C
G3725	YML003W
G3726	YJL054W
G3727	YDR280W
G3728	YPL066W
G3729	YJL057C
G3730	YDR500C
G3731	YHR015W
G3732	YBR085C-A
G3733	YJL052W
G3734	YJR126C
G3735	YGR266W
G3736	YNL159C
G3737	YFL054C
G3738	YKL216W
G3739	YBR139W
G3740	YMR105W-A
G3741	YBR109C
G3742	YNL086W
G3743	YKL221W
G3744	YDL111C
G3745	YIR009W
G3746	YOL005C
G3747	YBR045C
G3748	YKR058W
G3749	YDR539W
G3750	YLR037C
G3751	YCL011C
G3752	YLR031W
G3753	YGR178C
G3754	YCR028C
G3755	decoy150
G3756	YDL231C
G3757	YLR007W
G3758	YNL227C
G3759	YEL032W
G3760	YKR103W
G3761	YBL081W
G3762	YHR107C
G3763	YLR095C
G3764	YPL231W
G3765	YDL114W
G3766	YGR045C
G3767	YKR010C
G3768	YBR130C
G3769	YBR018C
G3770	YMR063W
G3771	YGL236C
G3772	YOL145C
G3773	YKL088W
G3774	YIL023C
G3775	YBR196C-B
G3776	YLR035C
G3777	YLL043W
G3778	YOR069W
G3779	YOR149C
G3780	YIL009C-A
G3781	YML022W
G3782	YOL097W-A
G3783	decoy106
G3784	decoy13
G3785	YER141W
G3786	YDR056C
G3787	YDL079C
G3788	YKL019W
G3789	YML005W
G3790	YML083C
G3791	YBL066C
G3792	YOL077W-A
G3793	YMR173W
G3794	YHL030W
G3795	YOL127W
G3796	YJL029C
G3797	YBR050C
G3798	YGL148W
G3799	YPL215W
G3800	YDL234C
G3801	YCL001W
G3802	YFR006W
G3803	YHR029C
G3804	YLL050C
G3805	YHR135C
G3806	YKL205W
G3807	YJR010W
G3808	YKL105C
G3809	YMR089C
G3810	decoy177
G3811	YBR275C
G3812	YMR284W
G3813	YOR264W
G3814	YGR148C
G3815	YHR032W
G3816	YOR322C
G3817	YNR074C
G3818	YDR070C
G3819	YLL066W-B
G3820	YKL021C
G3821	YOL030W
G3822	YKL183C-A
G3823	YBL043W
G3824	YDR228C
G3825	YDL235C
G3826	YOR234C
G3827	YEL037C
G3828	YPL170W
G3829	YMR127C
G3830	YHR008C
G3831	YBR024W
G3832	YIL169C
G3833	YDR470C
G3834	YPR124W
G3835	YPR131C
G3836	YMR041C
G3837	YDR257C
G3838	YOL086W-A
G3839	YEL066W
G3840	YOR057W
G3841	YEL019C
G3842	YPR069C
G3843	YGL123W
G3844	YBR216C
G3845	YPR110C
G3846	YJL008C
G3847	YOR051C
G3848	YDL005C
G3849	YDR334W
G3850	YNL164C
G3851	YBR020W
G3852	YOR245C
G3853	YML067C
G3854	YDR265W
G3855	YGL105W
G3856	YPR168W
G3857	YGR235C
G3858	YDL199C
G3859	YIR005W
G3860	YOL069W
G3861	YFR053C
G3862	YDR086C
G3863	YBR074W
G3864	YKL135C
G3865	YOL121C
G3866	YDR050C
G3867	YGL203C
G3868	YDR472W
G3869	YFL065C
G3870	YLR165C
G3871	YBR043C
G3872	YPL240C
G3873	YGL107C
G3874	YBR256C
G3875	YML117W
G3876	YFL013C
G3877	YLR154C
G3878	YNL214W
G3879	YMR302C
G3880	YCR090C
G3881	YBR129C
G3882	YOR328W
G3883	YLR262C
G3884	YNR070W
G3885	YBL107C
G3886	YPL028W
G3887	YGR083C
G3888	YBR090C
G3889	decoy98
G3890	YNL239W
G3891	decoy15
G3892	YIR028W
G3893	YMR054W
G3894	YPL260W
G3895	YDR399W
G3896	YOR124C
G3897	YIL135C
G3898	decoy81
G3899	YFL068W
G3900	YBR246W
G3901	decoy48
G3902	YBR086C
G3903	YER002W
G3904	YJL132W
G3905	YHR207C
G3906	YPL103C
G3907	YOL073C
G3908	YOR101W
G3909	YLR323C
G3910	YNL005C
G3911	YGR127W
G3912	YKR009C
G3913	YJL014W
G3914	YER133W
G3915	decoy277
G3916	YNL128W
G3917	YKL207W
G3918	YGL056C
G3919	YKR011C
G3920	decoy226
G3921	YDL107W
G3922	YIL091C
G3923	YNL306W
G3924	YPR145W
G3925	YPL216W
G3926	YIL069C
G3927	YGR058W
G3928	YMR090W
G3929	YDL100C
G3930	YHR105W
G3931	YBR262C
G3932	YJL047C
G3933	YHR076W
G3934	YPL063W
G3935	YKL110C
G3936	YNL011C
G3937	YEL043W
G3938	YOL117W
G3939	YDL002C
G3940	YHR197W
G3941	YGL246C
G3942	YFR031C-A
G3943	YPL159C
G3944	YIL166C
G3945	YBR114W
G3946	YJR100C
G3947	YGR065C
G3948	YDL131W
G3949	YDR400W
G3950	YEL072W
G3951	YKL184W
G3952	YLR067C
G3953	YJR101W
G3954	YDL164C
G3955	YNL007C
G3956	YIL123W
G3957	YAL064W
G3958	YER060W
G3959	YLR118C
G3960	YBR162W-A
G3961	YDL010W
G3962	YFL060C
G3963	YHR048W
G3964	YPR159W
G3965	YBR023C
G3966	YPR063C
G3967	YLR044C
G3968	decoy129
G3969	decoy50
G3970	YBR004C
G3971	YGR003W
G3972	YOR185C
G3973	YKL142W
G3974	YNL232W
G3975	YGR019W
G3976	YPL078C
G3977	YOR030W
G3978	decoy234
G3979	decoy152
G3980	YNL082W
G3981	YGR128C
G3982	YPL148C
G3983	YBR147W
G3984	YPL236C
G3985	YNL310C
G3986	YBR219C
G3987	YHL029C
G3988	YAL022C
G3989	YHR042W
G3990	YGL223C
G3991	YAL058W
G3992	YCL064C
G3993	decoy193
G3994	YGR264C
G3995	YPR134W
G3996	YGR205W
G3997	YHR007C-A
G3998	YLR244C
G3999	YER170W
G4000	decoy149
G4001	YIL097W
G4002	YHR157W
G4003	YOL049W
G4004	YOR251C
G4005	YOR143C
G4006	YFL055W
G4007	YNR055C
G4008	YKL117W
G4009	YHR121W
G4010	YNL014W
G4011	YGL031C
G4012	YMR096W
G4013	YKR019C
G4014	YMR288W
G4015	YER021W
G4016	YER176W
G4017	YNL255C
G4018	YPR075C
G4019	YOL007C
G4020	YNR032W
G4021	YHR186C
G4022	YML018C
G4023	YHL035C
G4024	YNR022C
G4025	YNL250W
G4026	YLR164W
G4027	YPR133C
G4028	YIL117C
G4029	YPR151C
G4030	YLR316C
G4031	YMR209C
G4032	YDL054C
G4033	YNL270C
G4034	YBR249C
G4035	YDR341C
G4036	YHR161C
G4037	decoy148
G4038	YNL038W
G4039	YNL092W
G4040	YLR397C
G4041	YLL045C
G4042	YLR231C
G4043	YER153C
G4044	YDL176W
G4045	YMR077C
G4046	YNR056C
G4047	YPL008W
G4048	YGR169C-A
G4049	YPL163C
G4050	decoy220
G4051	YCR093W
G4052	YML036W
G4053	YMR153W
G4054	YDL019C
G4055	YPR103W
G4056	YBR014C
G4057	YFL029C
G4058	decoy258
G4059	YGR221C
G4060	YMR061W
G4061	decoy44
G4062	YIR021W-A
G4063	YOL024W
G4064	YKR068C
G4065	YML081C-A
G4066	YLR057W
G4067	YJL050W
G4068	decoy217
G4069	YNL233W
G4070	YPR133W-A
G4071	YAL027W
G4072	YGL010W
G4073	YNL316C
G4074	YER180C
G4075	YKR028W
G4076	YOR289W
G4077	YOR116C
G4078	YBR271W
G4079	YJL060W
G4080	YNL037C
G4081	YDL086W
G4082	YBR252W
G4083	YBL026W
G4084	YCR035C
G4085	YFR016C
G4086	YHR099W
G4087	YPR152C
G4088	YMR242C
G4089	YJR142W
G4090	YAL034W-A
G4091	YGL018C
G4092	YHR089C
G4093	YAR002C-A
G4094	YFL042C
G4095	YIR003W
G4096	YEL058W
G4097	YNL155W
G4098	YOR072W-B
G4099	YHR052W
G4100	YMR072W
G4101	YER026C
G4102	YJL104W
G4103	YDL125C
G4104	YNL022C
G4105	decoy41
G4106	YBL085W
G4107	YFL064C
G4108	YML055W
G4109	YMR013W-A
G4110	YLR424W
G4111	YLR022C
G4112	YER082C
G4113	YLL063C
G4114	YDR363W
G4115	YLR263W
G4116	YJR067C
G4117	YBR059C
G4118	YPL221W
G4119	YMR020W
G4120	YIL090W
G4121	YGL091C
G4122	YPR114W
G4123	YER012W
G4124	YDR362C
G4125	YOR011W-A
G4126	YCL014W
G4127	YIL051C
G4128	YLR270W
G4129	YCL043C
G4130	YNR021W
G4131	YNL125C
G4132	YOR008C-A
G4133	YPL166W
G4134	YBR071W
G4135	YCR043C
G4136	YML015C
G4137	YCR015C
G4138	YJL149W
G4139	YGL037C
G4140	YGL169W
G4141	YER103W
G4142	YHR106W
G4143	YMR170C
G4144	YPL027W
G4145	YGL154C
G4146	YJR153W
G4147	YGL128C
G4148	YOR003W
G4149	decoy282
G4150	YML024W
G4151	YDL202W
G4152	YNR012W
G4153	YMR143W
G4154	YDL141W
G4155	YLR396C
G4156	YDR389W
G4157	YHL048C-A
G4158	YOR293W
G4159	decoy174
G4160	YGR237C
G4161	YFL059W
G4162	YLR359W
G4163	YDR385W
G4164	YMR197C
G4165	YLL035W
G4166	YBR108W
G4167	YBR254C
G4168	YFR030W
G4169	YOR252W
G4170	YPL192C
G4171	YGR172C
G4172	YCL063W
G4173	YGL168W
G4174	YNR068C
G4175	YMR066W
G4176	YDR524C-B
G4177	YKL074C
G4178	YLR040C
G4179	YDL175C
G4180	YLR194C
G4181	YER029C
G4182	YBR084C-A
G4183	YAL037C-A
G4184	YFR036W
G4185	YEL057C
G4186	YOR032W-A
G4187	decoy180
G4188	YOL137W
G4189	decoy236
G4190	YOL086C
G4191	YIL098C
G4192	YIL002W-A
G4193	YGR082W
G4194	YOL076W
G4195	decoy231
G4196	YNL268W
G4197	YBR009C
G4198	YPR194C
G4199	YHL036W
G4200	YOR010C
G4201	YOR313C
G4202	YPL055C
G4203	YAL014C
G4204	YLL033W
G4205	YAL018C
G4206	YDR089W
G4207	YDL146W
G4208	YLR330W
G4209	YGR232W
G4210	YHR065C
G4211	decoy124
G4212	YJL156C
G4213	YNL081C
G4214	YNL241C
G4215	decoy212
G4216	YDR189W
G4217	YHR077C
G4218	YPL257W
G4219	YAL056W
G4220	YGL041C-B
G4221	YJR089W
G4222	YHL012W
G4223	YBR298C-A
G4224	YBR181C
G4225	YLR346C
G4226	YMR002W
G4227	YML095C
G4228	YDL248W
G4229	YLR408C
G4230	YLR371W
G4231	YDL135C
G4232	YLR061W
G4233	YHR007C
G4234	YMR105C
G4235	YBR088C
G4236	YGR268C
G4237	YER046W
G4238	YAL031C
G4239	YIL046W
G4240	YLR088W
G4241	YPL243W
G4242	YER049W
G4243	YKL145W
G4244	decoy179
G4245	YDR176W
G4246	YCR002C
G4247	YKL188C
G4248	YGR253C
G4249	YML057W
G4250	YDR051C
G4251	YPL266W
G4252	YFL056C
G4253	YNL263C
G4254	decoy91
G4255	YBL069W
G4256	YIL102C
G4257	YDR240C
G4258	YGL200C
G4259	YLR137W
G4260	YGR256W
G4261	YGR231C
G4262	YDR333C
G4263	YMR229C
G4264	YLL032C
G4265	YER079W
G4266	YMR047C
G4267	YCR060W
G4268	YJL166W
G4269	YKL059C
G4270	YGR203W
G4271	YIL107C
G4272	YLR009W
G4273	YOR087W
G4274	YDR287W
G4275	decoy195
G4276	YGL259W
G4277	YER187W
G4278	YPR002W
G4279	YMR087W
G4280	YNR007C
G4281	YJR013W
G4282	YPL017C
G4283	YOR223W
G4284	YLR125W
G4285	YKR088C
G4286	YLR380W
G4287	YGR276C
G4288	YNR020C
G4289	YMR221C
G4290	YCL005W-A
G4291	YOR346W
G4292	YGR086C
G4293	YHR059W
G4294	YOR294W
G4295	YKL081W
G4296	YER145C
G4297	YOR150W
G4298	YOR274W
G4299	YML100W-A
G4300	YOR295W
G4301	YGR289C
G4302	YHR098C
G4303	YMR242W-A
G4304	decoy111
G4305	YPL108W
G4306	YGL141W
G4307	YDL184C
G4308	YIL139C
G4309	YBR058C
G4310	YOR159C
G4311	YNR069C
G4312	YNL130C
G4313	YIR039C
G4314	YJR107W
G4315	decoy69
G4316	YPL057C
G4317	YMR295C
G4318	YDL127W
G4319	YHR046C
G4320	YDR516C
G4321	YDR028C
G4322	YER037W
G4323	YER118C
G4324	YHR094C
G4325	YDL084W
G4326	YNL323W
G4327	YPL018W
G4328	YBL091C
G4329	YER136W
G4330	YNR067C
G4331	YOL084W
G4332	YMR275C
G4333	YER092W
G4334	YOR034C-A
G4335	YML056C
G4336	YDL213C
G4337	YHR003C
G4338	YOR244W
G4339	YCR100C
G4340	YDL075W
G4341	YLR075W
G4342	decoy96
G4343	YBL101W-A
G4344	YER033C
G4345	YER175C
G4346	YDR377W
G4347	YFR024C-A
G4348	YDR302W
G4349	YJL173C
G4350	YDR200C
G4351	YPL032C
G4352	YKR086W
G4353	YKR082W
G4354	YLR190W
G4355	YOL096C
G4356	YER085C
G4357	YPL174C
G4358	YOR025W
G4359	YCL002C
G4360	YPL264C
G4361	YKL094W
G4362	YBR263W
G4363	YCL042W
G4364	YGR136W
G4365	YLR207W
G4366	YDR439W
G4367	YLR360W
G4368	YKR024C
G4369	YOR330C
G4370	YER087C-B
G4371	YKL004W
G4372	YCR036W
G4373	YDR252W
G4374	YPR081C
G4375	YGR233C
G4376	YGL208W
G4377	YKL174C
G4378	YKL152C
G4379	YPR061C
G4380	YLR383W
G4381	YDL090C
G4382	YOR118W
G4383	YDL022W
G4384	YOL166W-A
G4385	YDL198C
G4386	YAL005C
G4387	YDR418W
G4388	YLR011W
G4389	YKR041W
G4390	YOR164C
G4391	YHR214C-D
G4392	YDR361C
G4393	YDR163W
G4394	YNL173C
G4395	YNR033W
G4396	YNR031C
G4397	YOR103C
G4398	YML001W
G4399	YIL093C
G4400	YGR192C
G4401	YJR131W
G4402	YDL092W
G4403	YER146W
G4404	YIR035C
G4405	YKL106C-A
G4406	YIL083C
G4407	YBL036C
G4408	YIL068C
G4409	YJL049W
G4410	YGL211W
G4411	YOL038W
G4412	YAL001C
G4413	YNL080C
G4414	YER166W
G4415	YLR211C
G4416	YDL112W
G4417	YMR138W
G4418	decoy89
G4419	decoy114
G4420	decoy281
G4421	YJL179W
G4422	YBL052C
G4423	YBR237W
G4424	YML029W
G4425	YKL104C
G4426	YBR005W
G4427	YHR116W
G4428	YGR122W
G4429	YHR020W
G4430	YJR154W
G4431	YIL148W
G4432	decoy196
G4433	YBL089W
G4434	YGR015C
G4435	YPR091C
G4436	YNL003C
G4437	YKR102W
G4438	YFL051C
G4439	YOR091W
G4440	YBR291C
G4441	YLR276C
G4442	YGR142W
G4443	YDL130W-A
G4444	YPL064C
G4445	YML032C
G4446	YMR005W
G4447	YGL233W
G4448	YDR493W
G4449	YNL050C
G4450	YGL255W
G4451	YEL024W
G4452	YNL261W
G4453	YGR246C
G4454	YMR223W
G4455	YDR450W
G4456	YOL060C
G4457	YOL059W
G4458	YDR192C
G4459	YPL079W
G4460	YER032W
G4461	YLR065C
G4462	YHL038C
G4463	YPL242C
G4464	YCR068W
G4465	decoy157
G4466	YOL115W
G4467	YPL058C
G4468	YKL010C
G4469	YMR128W
G4470	YLR312W-A
G4471	YDL105W
G4472	YLR180W
G4473	YHR154W
G4474	YJR033C
G4475	YDR014W
G4476	YOL077C
G4477	YOL021C
G4478	YER007C-A
G4479	YBL092W
G4480	YCR092C
G4481	YCR020C-A
G4482	YKR074W
G4483	YJL065C
G4484	YKL082C
G4485	YLR030W
G4486	YBR217W
G4487	YKL161C
G4488	YOR257W
G4489	YDL133W
G4490	YBR185C
G4491	YHR005C-A
G4492	YKL144C
G4493	YJR043C
G4494	YOL020W
G4495	YNR065C
G4496	YOL009C
G4497	YJL013C
G4498	YOL032W
G4499	decoy53
G4500	YIL072W
G4501	YOR341W
G4502	YNL213C
G4503	decoy68
G4504	YJL161W
G4505	YDR482C
G4506	YNL256W
G4507	YDR182W-A
G4508	YLR129W
G4509	YLR234W
G4510	YGR013W
G4511	YDR304C
G4512	YKL108W
G4513	YBR212W
G4514	YNL122C
G4515	YDR107C
G4516	YDR495C
G4517	YOR117W
G4518	YLL028W
G4519	YDR069C
G4520	decoy80
G4521	YDR382W
G4522	YCR048W
G4523	YNL097C-A
G4524	YLR153C
G4525	decoy75
G4526	YIL024C
G4527	YLR081W
G4528	YLR341W
G4529	YDR456W
G4530	YDR084C
G4531	YBR105C
G4532	YDR540C
G4533	YPR097W
G4534	YPR144C
G4535	YLR264W
G4536	YJL219W
G4537	YBR180W
G4538	YMR231W
G4539	YML035C
G4540	YFL008W
G4541	YKL006C-A
G4542	YOR125C
G4543	YJR075W
G4544	YDR037W
G4545	YNR053C
G4546	YGR024C
G4547	YGL263W
G4548	YPL244C
G4549	YCL004W
G4550	YCR076C
G4551	YHL021C
G4552	YOR269W
G4553	YDL021W
G4554	YAL033W
G4555	YPL047W
G4556	YJL036W
G4557	YOL162W
G4558	decoy66
G4559	YJR010C-A
G4560	YLR306W
G4561	YJL087C
G4562	YDR313C
G4563	YMR183C
G4564	YDL093W
G4565	YNL161W
G4566	YDR415C
G4567	YJR070C
G4568	YOL102C
G4569	YKL197C
G4570	YLR147C
G4571	YOL044W
G4572	YLR087C
G4573	YDL244W
G4574	YCR082W
G4575	YDL155W
G4576	YLR259C
G4577	YPL077C
G4578	YNL317W
G4579	YLR162W-A
G4580	YLR110C
G4581	decoy70
G4582	YML047C
G4583	YHR104W
G4584	YPL157W
G4585	YNL242W
G4586	YKL155C
G4587	YPL076W
G4588	YOL036W
G4589	YKR070W
G4590	YER142C
G4591	YLR099C
G4592	YGR210C
G4593	YPR062W
G4594	YGR005C
G4595	YGR223C
G4596	YNR019W
G4597	YLR166C
G4598	YDR078C
G4599	YDL142C
G4600	YER178W
G4601	YMR182W-A
G4602	YPR098C
G4603	YCR069W
G4604	YKL006W
G4605	YHR120W
G4606	YNR050C
G4607	YJR110W
G4608	YLR291C
G4609	YHR027C
G4610	YLR146C
G4611	YER053C-A
G4612	YMR056C
G4613	YGL245W
G4614	YOL158C
G4615	YGR226C
G4616	YEL042W
G4617	decoy264
G4618	YLR185W
G4619	YCL051W
G4620	YAL011W
G4621	decoy261
G4622	YOR256C
G4623	decoy197
G4624	decoy10
G4625	YBL061C
G4626	YDR003W-A
G4627	YPR172W
G4628	YPL030W
G4629	YER168C
G4630	YBR170C
G4631	YKL156W
G4632	YIL066C
G4633	YOR095C
G4634	YBR039W
G4635	YCR005C
G4636	YNL308C
G4637	decoy85
G4638	YLR203C
G4639	YNL286W
G4640	YER023W
G4641	YDR510W
G4642	YLR288C
G4643	YKR004C
G4644	YHR083W
G4645	YKL186C
G4646	YPL029W
G4647	YGR260W
G4648	YDL031W
G4649	YOR154W
G4650	YOR085W
G4651	YER147C
G4652	YLR301W
G4653	decoy205
G4654	YGR087C
G4655	YLR352W
G4656	YOR381W-A
G4657	YBL029W
G4658	YFL014W
G4659	YBL041W
G4660	YGR014W
G4661	YGL027C
G4662	YBR162C
G4663	YOL063C
G4664	YPL031C
G4665	YDR342C
G4666	YOR006C
G4667	YOL053W
G4668	YHR153C
G4669	YNL046W
G4670	YML111W
G4671	YGR084C
G4672	YDR139C
G4673	YCL017C
G4674	YOL013C
G4675	YOL054W
G4676	YOR191W
G4677	YLL025W
G4678	YOR035C
G4679	YDL049C
G4680	YLR455W
G4681	YLR303W
G4682	YJR090C
G4683	YGR103W
G4684	YHR102W
G4685	YJR078W
G4686	YDR115W
G4687	YBR111C
G4688	YDL052C
G4689	YPR037C
G4690	YIL067C
G4691	YKL052C
G4692	YGL092W
G4693	YHR040W
G4694	YOR196C
G4695	decoy249
G4696	YPL043W
G4697	YPL168W
G4698	YCR095C
G4699	YER188C-A
G4700	YGL066W
G4701	YNL210W
G4702	YAL035W
G4703	YIL002C
G4704	YKL220C
G4705	YAR073W
G4706	YNL215W
G4707	YMR115W
G4708	YMR264W
G4709	YLR204W
G4710	YJL077W-B
G4711	YOR316C
G4712	YCR061W
G4713	YJL207C
G4714	YHR141C
G4715	YGL008C
G4716	YOL092W
G4717	YDR390C
G4718	YGR236C
G4719	YGR195W
G4720	YNL175C
G4721	YJR036C
G4722	YAL023C
G4723	YGL135W
G4724	YJL012C
G4725	YOL057W
G4726	YBR092C
G4727	YBR016W
G4728	YLR414C
G4729	YMR126C
G4730	YER162C
G4731	YLR083C
G4732	YOR128C
G4733	YGL238W
G4734	YMR003W
G4735	YNL163C
G4736	YHL015W
G4737	YLR249W
G4738	YMR198W
G4739	YER132C
G4740	YHR053C
G4741	YGL002W
G4742	YOR044W
G4743	YOR271C
G4744	YHR148W
G4745	YBR207W
G4746	YNL280C
G4747	YLR425W
G4748	YNL083W
G4749	YHR137W
G4750	YOR382W
G4751	YBR179C
G4752	YGL030W
G4753	YLL038C
G4754	YLL018C
G4755	decoy54
G4756	YER151C
G4757	YMR169C
G4758	YCR073W-A
G4759	YPR101W
G4760	decoy186
G4761	YGL060W
G4762	YOL018C
G4763	YGR274C
G4764	YCL056C
G4765	YBL063W
G4766	YOR022C
G4767	YAL025C
G4768	YHR071W
G4769	YBR203W
G4770	YMR030W-A
G4771	YBR145W
G4772	YDL104C
G4773	YLR188W
G4774	YMR171C
G4775	YJL102W
G4776	YNL212W
G4777	YEL020C
G4778	YMR132C
G4779	YNL146C-A
G4780	YMR036C
G4781	YGR038W
G4782	YPR139C
G4783	YMR095C
G4784	YFR022W
G4785	YBR022W
G4786	YBR293W
G4787	YMR252C
G4788	YJL083W
G4789	YNL136W
G4790	YDL169C
G4791	YKL171W
G4792	decoy267
G4793	YJL129C
G4794	YIR011C
G4795	YOR249C
G4796	YMR177W
G4797	YDR536W
G4798	YJR074W
G4799	YER053C
G4800	decoy232
G4801	YPR201W
G4802	YLR293C
G4803	YIL077C
G4804	YOR377W
G4805	YGR140W
G4806	YJL209W
G4807	YGR035C
G4808	YJL016W
G4809	YKR053C
G4810	YDL190C
G4811	decoy6
G4812	YCL069W
G4813	YMR315W-A
G4814	YML093W
G4815	YEL011W
G4816	YOR359W
G4817	decoy182
G4818	YML009C
G4819	YJL068C
G4820	YFR025C
G4821	YHR061C
G4822	YNL289W
G4823	YDR065W
G4824	YOR096W
G4825	YEL051W
G4826	YNL001W
G4827	YJL216C
G4828	YDR232W
G4829	YNR048W
G4830	decoy235
G4831	YOR079C
G4832	YKL093W
G4833	YPR147C
G4834	YDR171W
G4835	YKL095W
G4836	YFR038W
G4837	YFR032C-B
G4838	YDR512C
G4839	YKL165C
G4840	YGL136C
G4841	YLL051C
G4842	YGL190C
G4843	YPR095C
G4844	YIL017C
G4845	YNL119W
G4846	YGL210W
G4847	YOR329C
G4848	YBR284W
G4849	YPL219W
G4850	YPL232W
G4851	YBR087W
G4852	decoy40
G4853	YMR059W
G4854	YLR050C
G4855	YDR004W
G4856	YOR198C
G4857	decoy23
G4858	YHR174W
G4859	YCL031C
G4860	YHL014C
G4861	YGL112C
G4862	YNR052C
G4863	YDR316W-B
G4864	YDR365C
G4865	YPR192W
G4866	YDL230W
G4867	YPL256C
G4868	YHL009W-B
G4869	YDL080C
G4870	YLR096W
G4871	YEL039C
G4872	YBL039C
G4873	YHR114W
G4874	YGL138C
G4875	YNL247W
G4876	YNL321W
G4877	YPL119C-A
G4878	YJL058C
G4879	YER043C
G4880	YHR074W
G4881	YDL174C
G4882	YPR043W
G4883	YKR038C
G4884	YDL181W
G4885	YOR080W
G4886	YHR138C
G4887	YLR253W
G4888	YDR243C
G4889	decoy22
G4890	YOL130W
G4891	YDR366C
G4892	YGL087C
G4893	YMR189W
G4894	YJL001W
G4895	YNL292W
G4896	YER149C
G4897	YMR207C
G4898	YPL188W
G4899	YIL109C
G4900	YMR253C
G4901	YFR009W
G4902	YHR198C
G4903	YMR137C
G4904	YJR116W
G4905	YOR192C-C
G4906	YHR070W
G4907	YBR163W
G4908	YLR152C
G4909	YJL025W
G4910	YMR286W
G4911	YPL262W
G4912	YKL196C
G4913	decoy72
G4914	YNR014W
G4915	YKL034W
G4916	YOL065C
G4917	YMR166C
G4918	YDR246W
G4919	YLR363C
G4920	YML110C
G4921	YDL081C
G4922	YNL211C
G4923	YML126C
G4924	YGL257C
G4925	decoy146
G4926	YDR316W
G4927	YKL107W
G4928	YBL090W
G4929	YDL087C
G4930	YLR029C
G4931	YGL171W
G4932	YGR054W
G4933	YOR012W
G4934	YPR118W
G4935	YLR337C
G4936	YBL034C
G4937	YLR034C
G4938	YJR055W
G4939	decoy105
G4940	YDR348C
G4941	YOR174W
G4942	YNR040W
G4943	YOR037W
G4944	YDR105C
G4945	YHR166C
G4946	YMR116C
G4947	YGR111W
G4948	YGR240C
G4949	YDL211C
G4950	YER102W
G4951	YNL152W
G4952	YOL066C
G4953	YOL142W
G4954	YGR162W
G4955	YBL071C-B
G4956	YER158C
G4957	YDR320C-A
G4958	YOR384W
G4959	YDR466W
G4960	YOR106W
G4961	YMR112C
G4962	YNL298W
G4963	YLR292C
G4964	YLR213C
G4965	YBL097W
G4966	YHR160C
G4967	YBR194W
G4968	YIL136W
G4969	YPR119W
G4970	YOR092W
G4971	YHR039C
G4972	YGL251C
G4973	decoy275
G4974	YPL222W
G4975	YMR257C
G4976	YOR097C
G4977	YNL144C
G4978	YGL083W
G4979	YJR047C
G4980	YBR187W
G4981	YBR135W
G4982	YCR033W
G4983	YFR017C
G4984	YOR228C
G4985	YKL217W
G4986	YGR056W
G4987	YIL026C
G4988	YNL072W
G4989	YGR239C
G4990	YNL145W
G4991	decoy99
G4992	YDR459C
G4993	YLR221C
G4994	YJL125C
G4995	decoy161
G4996	YDR391C
G4997	YNL178W
G4998	YPL149W
G4999	YDL161W
G5000	YDL157C
G5001	decoy19
G5002	YJL164C
G5003	YIL010W
G5004	YGR234W
G5005	YOR086C
G5006	YOR130C
G5007	YNL297C
G5008	YPR137W
G5009	YPR047W
G5010	YDR528W
G5011	YJL191W
G5012	YBR036C
G5013	YER114C
G5014	YNL160W
G5015	YHR203C
G5016	YER054C
G5017	YGL080W
G5018	YGR036C
G5019	YML006C
G5020	YPL206C
G5021	YMR188C
G5022	YML088W
G5023	YNL047C
G5024	YNL012W
G5025	YER115C
G5026	YOR132W
G5027	YFL028C
G5028	YNL200C
G5029	YMR074C
G5030	YKR097W
G5031	YJL171C
G5032	YLR437C
G5033	YDL159W
G5034	YGR247W
G5035	YBL091C-A
G5036	YNL138W
G5037	YGL077C
G5038	decoy61
G5039	YBR298C
G5040	YJR052W
G5041	YDR335W
G5042	YHR111W
G5043	YBR196C
G5044	decoy206
G5045	YNR060W
G5046	YHL009W-A
G5047	YDR218C
G5048	YFR008W
G5049	YLR084C
G5050	YPL158C
G5051	YIL044C
G5052	YMR049C
G5053	YDR404C
G5054	YPR161C
G5055	YDR226W
G5056	YFL045C
G5057	YNL258C
G5058	YDL247W
G5059	YPL278C
G5060	YLR226W
G5061	YIL108W
G5062	YPR112C
G5063	YDR457W
G5064	YOR114W
G5065	YJR098C
G5066	YDL180W
G5067	YIL113W
G5068	YDL192W
G5069	YLL053C
G5070	decoy43
G5071	YJL214W
G5072	YJR072C
G5073	YLR439W
G5074	YCR077C
G5075	YGR207C
G5076	YDL053C
G5077	YNR066C
G5078	YGR240C-A
G5079	YKL157W
G5080	YNL195C
G5081	YER107C
G5082	YIR024C
G5083	YNL230C
G5084	YGR055W
G5085	YBL088C
G5086	YLR251W
G5087	YKL138C-A
G5088	YHR013C
G5089	YDR246W-A
G5090	YFR019W
G5091	YOR089C
G5092	YKL120W
G5093	YPR030W
G5094	YOL111C
G5095	decoy218
G5096	YHR119W
G5097	YBR157C
G5098	YGL121C
G5099	YKL190W
G5100	YML073C
G5101	YNR035C
G5102	YDR293C
G5103	YLR021W
G5104	YDL004W
G5105	YGR153W
G5106	YER091C
G5107	YBR132C
G5108	YAL028W
G5109	YOR112W
G5110	YLR354C
G5111	YOR388C
G5112	YGL175C
G5113	YNL026W
G5114	YCR053W
G5115	YMR256C
G5116	decoy67
G5117	YOR152C
G5118	YER128W
G5119	YIL004C
G5120	YEL038W
G5121	YNL162W-A
G5122	YGL150C
G5123	YGR010W
G5124	YOR094W
G5125	YGL122C
G5126	YGR118W
G5127	YOR376W-A
G5128	YBL056W
G5129	YHL001W
G5130	YNL189W
G5131	YGR218W
G5132	YLR318W
G5133	YPR160W
G5134	YJL134W
G5135	decoy139
G5136	YGL053W
G5137	YGL180W
G5138	YGR215W
G5139	YER024W
G5140	YJL010C
G5141	YNL183C
G5142	YBR231C
G5143	YER020W
G5144	YMR060C
G5145	YDL085C-A
G5146	YLR350W
G5147	YGL194C
G5148	YLR227C
G5149	YNL108C
G5150	YLL062C
G5151	YOR354C
G5152	decoy162
G5153	YBR058C-A
G5154	YMR285C
G5155	YPL269W
G5156	YMR034C
G5157	YGL243W
G5158	YBR061C
G5159	YMR247W-A
G5160	YJL071W
G5161	YNR062C
G5162	YHR038W
G5163	YLR345W
G5164	YLR006C
G5165	YGL253W
G5166	YDL045W-A
G5167	YBR171W
G5168	YDR194W-A
G5169	YJL019W
G5170	YIL039W
G5171	YCL018W
G5172	YDL241W
G5173	YIL172C
G5174	YDL038C
G5175	YOL023W
G5176	decoy227
G5177	YOR020W-A
G5178	YNL253W
G5179	YGR068C
G5180	YAR028W
G5181	YNL305C
G5182	YJL077C
G5183	YDR172W
G5184	decoy211
G5185	YNL277W-A
G5186	YOL148C
G5187	YGR188C
G5188	YPR184W
G5189	YER065C
G5190	YPR156C
G5191	YLL061W
G5192	YJR114W
G5193	YNL076W
G5194	YNL245C
G5195	YGL007C-A
G5196	decoy243
G5197	decoy28
G5198	YER008C
G5199	YDR076W
G5200	YNL079C
G5201	YPL113C
G5202	YMR150C
G5203	YHR147C
G5204	YER015W
G5205	YGR244C
G5206	YDL043C
G5207	YJL184W
G5208	YIL065C
G5209	YGR271W
G5210	YLR348C
G5211	YDL117W
G5212	YNL067W
G5213	YPR121W
G5214	YPR027C
G5215	YNL331C
G5216	YBR153W
G5217	YGR245C
G5218	decoy24
G5219	YMR187C
G5220	YDR099W
G5221	YCR073C
G5222	YOL113W
G5223	YPL224C
G5224	YJL084C
G5225	YEL025C
G5226	YMR025W
G5227	YEL027W
G5228	YLR432W
G5229	YLL006W-A
G5230	YPL071C
G5231	YNL158W
G5232	YPR125W
G5233	YLR027C
G5234	YHL028W
G5235	YJL100W
G5236	YER038C
G5237	YDL220C
G5238	YNL091W
G5239	YGR090W
G5240	YML017W
G5241	YGL241W
G5242	YAR029W
G5243	YAL060W
G5244	YBR227C
G5245	YOR220W
G5246	YNL084C
G5247	YLR051C
G5248	YKL166C
G5249	YLR071C
G5250	YOR189W
G5251	YBL058W
G5252	YKL160W
G5253	YDL066W
G5254	YKR002W
G5255	YOL144W
G5256	YJL130C
G5257	YNL127W
G5258	YHR017W
G5259	YDL212W
G5260	YPL124W
G5261	YHR200W
G5262	YKL054C
G5263	YDR331W
G5264	YAR068W
G5265	YER030W
G5266	YKR007W
G5267	YKR022C
G5268	YER129W
G5269	YOL125W
G5270	YLR388W
G5271	YPL234C
G5272	YJL128C
G5273	YGR119C
G5274	YLL007C
G5275	YNL066W
G5276	YER124C
G5277	YFR044C
G5278	YDL061C
G5279	YDL215C
G5280	YDL240W
G5281	YKL053C-A
G5282	YHL034C
G5283	decoy213
G5284	YPL026C
G5285	YPL002C
G5286	YDR371W
G5287	YEL041W
G5288	decoy138
G5289	YEL034W
G5290	YGL221C
G5291	YNL134C
G5292	YKR039W
G5293	YML012W
G5294	decoy270
G5295	YDR150W
G5296	YBR161W
G5297	YGR280C
G5298	YHR199C
G5299	YOR312C
G5300	YDL014W
G5301	YDL088C
G5302	YOR177C
G5303	YOR394C-A
G5304	YCR054C
G5305	YDR398W
G5306	YAR009C
G5307	YJR057W
G5308	YDL099W
G5309	YHR019C
G5310	YJL038C
G5311	YBR155W
G5312	YDR370C
G5313	decoy21
G5314	YOR367W
G5315	YGL232W
G5316	YFR037C
G5317	YML068W
G5318	YOR219C
G5319	YHL047C
G5320	YML060W
G5321	decoy122
G5322	YFL034C-A
G5323	YJR042W
G5324	YPL081W
G5325	YML085C
G5326	YDL168W
G5327	YLR133W
G5328	YEL044W
G5329	YOL097C
G5330	YNL042W-B
G5331	YDR239C
G5332	YOR385W
G5333	YDR190C
G5334	YNL318C
G5335	YLR189C
G5336	YDR444W
G5337	YLR085C
G5338	YLR392C
G5339	YDR453C
G5340	YJR135C
G5341	YBR301W
G5342	YKL204W
G5343	YDR202C
G5344	YNL004W
G5345	YER163C
G5346	YLR193C
G5347	YDL122W
G5348	YLR313C
G5349	YIL052C
G5350	YMR217W
G5351	decoy187
G5352	YFL017W-A
G5353	YLR295C
G5354	YKL170W
G5355	decoy65
G5356	YKL214C
G5357	YKR046C
G5358	YNR016C
G5359	YNL220W
G5360	decoy192
G5361	YGL033W
G5362	YCL026C-A
G5363	YLR167W
G5364	YJL162C
G5365	YOL098C
G5366	YMR108W
G5367	YLR218C
G5368	YFL010C
G5369	YNR038W
G5370	YIL120W
G5371	YJL105W
G5372	YNR043W
G5373	YPR182W
G5374	YOR351C
G5375	YFR040W
G5376	YBR241C
G5377	YKR071C
G5378	YDR416W
G5379	YML103C
G5380	YDR515W
G5381	YMR222C
G5382	YGL125W
G5383	YMR279C
G5384	YJR141W
G5385	YLR132C
G5386	YBR091C
G5387	YDR412W
G5388	YKR057W
G5389	decoy93
G5390	YHR139C
G5391	YOL040C
G5392	YBL105C
G5393	YBR295W
G5394	YKL101W
G5395	YDR320C
G5396	YPR066W
G5397	YLR039C
G5398	YBR177C
G5399	YLR466C-B
G5400	YNL290W
G5401	YJR152W
G5402	YFL010W-A
G5403	YPL210C
G5404	YPL277C
G5405	YMR130W
G5406	YPR079W
G5407	YLR384C
G5408	YMR194C-B
G5409	YML072C
G5410	YGR230W
G5411	decoy165
G5412	decoy247
G5413	YJR097W
G5414	YGL240W
G5415	YKR021W
G5416	YMR304W
G5417	YIR012W
G5418	YGR098C
G5419	YBR184W
G5420	YMR100W
G5421	YLR016C
G5422	YGR285C
G5423	YGL159W
G5424	YOR390W
G5425	YFL022C
G5426	YML094W
G5427	YLL057C
G5428	YDL204W
G5429	YIL021W
G5430	YGR163W
G5431	YDR033W
G5432	YKL208W
G5433	YPL051W
G5434	YOL078W
G5435	YOR260W
G5436	YLR002C
G5437	YMR193W
G5438	YCR087C-A
G5439	YPL105C
G5440	YDR093W
G5441	YBR242W
G5442	YJR112W-A
G5443	YMR203W
G5444	YDR254W
G5445	YCL039W
G5446	YEL021W
G5447	YMR031C
G5448	YAL042W
G5449	decoy170
G5450	YKL022C
G5451	YGL017W
G5452	YHR202W
G5453	YOR111W
G5454	YMR190C
G5455	YDL167C
G5456	YJL198W
G5457	YMR106C
G5458	YJR083C
G5459	YKR025W
G5460	YNL313C
G5461	YOL002C
G5462	YER127W
G5463	YBR165W
G5464	YPL056C
G5465	YDR338C
G5466	YKL080W
G5467	YPL258C
G5468	YIR030C
G5469	YGR004W
G5470	YER048C
G5471	YOL041C
G5472	YAL067W-A
G5473	YDR419W
G5474	YBR126C
G5475	YMR298W
G5476	YNL088W
G5477	YER078W-A
G5478	YDL130W
G5479	YNR032C-A
G5480	YPR164W
G5481	YDL183C
G5482	YKR003W
G5483	YKL064W
G5484	YLR398C
G5485	YLR108C
G5486	YOR193W
G5487	decoy230
G5488	decoy185
G5489	YCR009C
G5490	YDL113C
G5491	YNL033W
G5492	YNL048W
G5493	YDR314C
G5494	YBR133C
G5495	YIL156W
G5496	YER173W
G5497	YMR113W
G5498	YLR327C
G5499	YLR059C
G5500	YDL144C
G5501	YGL226W
G5502	YER056C
G5503	YNL191W
G5504	decoy209
G5505	YHR167W
G5506	YDL182W
G5507	YMR200W
G5508	YBR093C
G5509	YLR143W
G5510	YNL209W
G5511	YNL059C
G5512	YOL112W
G5513	YPL273W
G5514	YML042W
G5515	YJL210W
G5516	YDR315C
G5517	YOR066W
G5518	YNL015W
G5519	YLR370C
G5520	YOR107W
G5521	YDR306C
G5522	YER185W
G5523	YKL042W
G5524	YMR175W
G5525	YPL211W
G5526	YEL052W
G5527	YPL199C
G5528	YPR042C
G5529	YEL002C
G5530	YML031W
G5531	YDL055C
G5532	YGL078C
G5533	YOR339C
G5534	YER039C-A
G5535	YPR017C
G5536	YAL019W
G5537	YPL072W
G5538	YLR320W
G5539	YOR040W
G5540	YDR486C
G5541	YKR044W
G5542	YHR068W
G5543	YKL037W
G5544	YGR095C
G5545	YKL060C
G5546	YLR079W
G5547	YMR281W
G5548	YLR390W
G5549	YML114C
G5550	YOR100C
G5551	YPR028W
G5552	YNL042W
G5553	YLR409C
G5554	YAR071W
G5555	YOL093W
G5556	YDL044C
G5557	YHR212W-A
G5558	YOR279C
G5559	YOL149W
G5560	YOL136C
G5561	YPR148C
G5562	YOR065W
G5563	YBR287W
G5564	YIL153W
G5565	YDR064W
G5566	YHR078W
G5567	YBL076C
G5568	YNR037C
G5569	YDR420W
G5570	YBR151W
G5571	YFL003C
G5572	YBR025C
G5573	YHL032C
G5574	YJL136W-A
G5575	YHR005C
G5576	YJR073C
G5577	YPR132W
G5578	YBR251W
G5579	YMR135C
G5580	decoy108
G5581	decoy137
G5582	YBR274W
G5583	YDL236W
G5584	YDR120C
G5585	YGL067W
G5586	YGR034W
G5587	YLR406C-A
G5588	YHR195W
G5589	YPL020C
G5590	YNL325C
G5591	YGR196C
G5592	YKL187C
G5593	YGL187C
G5594	YPR188C
G5595	YBR238C
G5596	YLR427W
G5597	YIR016W
G5598	YPR127W
G5599	YJL031C
G5600	YNL293W
G5601	YMR230W
G5602	YGR126W
G5603	YOR076C
G5604	YIL106W
G5605	decoy171
G5606	YHR187W
G5607	YPR179C
G5608	YPL196W
G5609	YAL002W
G5610	YPL093W
G5611	YMR027W
G5612	YKL002W
G5613	YER044C-A
G5614	YMR125W
G5615	YPR189W
G5616	YLR116W
G5617	YGR104C
G5618	YJR132W
G5619	YJL011C
G5620	YAL061W
G5621	YER089C
G5622	YDR534C
G5623	YIL006W
G5624	YJL193W
G5625	YJR031C
G5626	YLR106C
G5627	YBR028C
G5628	YIL016W
G5629	YOR108W
G5630	YLR177W
G5631	YLR154C-H
G5632	YLR273C
G5633	YDR502C
G5634	YLR404W
G5635	YBR103W
G5636	YKL056C
G5637	YPL118W
G5638	YPL204W
G5639	YOR017W
G5640	YDR487C
G5641	YJL101C
G5642	YBR233W
G5643	YGL222C
G5644	YNL141W
G5645	YDR514C
G5646	YKL183W
G5647	YLR058C
G5648	YGL058W
G5649	YOR194C
G5650	YBR094W
G5651	YKL140W
G5652	YBL067C
G5653	YGR125W
G5654	YHR049W
G5655	YDR351W
G5656	YDL205C
G5657	YGL133W
G5658	YJL123C
G5659	YBR067C
G5660	YNL051W
G5661	YBL022C
G5662	YPL274W
G5663	YDL033C
G5664	YDL065C
G5665	YGR109W-A
G5666	YNR008W
G5667	YAL007C
G5668	YOR098C
G5669	YOR036W
G5670	YOR292C
G5671	YCL001W-A
G5672	YJR014W
G5673	YDL139C
G5674	YNL311C
G5675	YHR188C
G5676	YGR186W
G5677	YML120C
G5678	YPL270W
G5679	YBR102C
G5680	YKL096W
G5681	YNL246W
G5682	YDR414C
G5683	YOR148C
G5684	YPR029C
G5685	YDR052C
G5686	YLR043C
G5687	YLL031C
G5688	YCR089W
G5689	YCR004C
G5690	YJL145W
G5691	YDR407C
G5692	YEL016C
G5693	YMR022W
G5694	YJR059W
G5695	YJL172W
G5696	YDR312W
G5697	YLR090W
G5698	YFR001W
G5699	YGR156W
G5700	YCR014C
G5701	YGL189C
G5702	YMR099C
G5703	YDL109C
G5704	YGR094W
G5705	YDR059C
G5706	YHR009C
G5707	YCR063W
G5708	YIR029W
G5709	YDL173W
G5710	YOR033C
G5711	YIL164C
G5712	YOR206W
G5713	YDR071C
G5714	YHL004W
G5715	YDR075W
G5716	YDR469W
G5717	YGL070C
G5718	YBR107C
G5719	YNL202W
G5720	YKR094C
G5721	YHR081W
G5722	YNL002C
G5723	YNL104C
G5724	YJL035C
G5725	YGR180C
G5726	YMR266W
G5727	YGR043C
G5728	YER140W
G5729	YMR319C
G5730	YER175W-A
G5731	YDR079C-A
G5732	YDR179W-A
G5733	YMR133W
G5734	YHR123W
G5735	YLR258W
G5736	decoy160
G5737	YDL070W
G5738	decoy263
G5739	YLR462W
G5740	YBR290W
G5741	YJL098W
G5742	YDR339C
G5743	YFL041W
G5744	YPR034W
G5745	YGR279C
G5746	YIR014W
G5747	YEL017C-A
G5748	YOR246C
G5749	YDR480W
G5750	YOL042W
G5751	YPL145C
G5752	YML058W-A
G5753	YFR051C
G5754	YHR037W
G5755	YJR030C
G5756	YFR039C
G5757	YER001W
G5758	YBL074C
G5759	YOR321W
G5760	YJL137C
G5761	YDR002W
G5762	YOL132W
G5763	YBR123C
G5764	YDR373W
G5765	YDL149W
G5766	YOR381W
G5767	YEL047C
G5768	YCL050C
G5769	YDR295C
G5770	YMR154C
G5771	YHR150W
G5772	YDR019C
G5773	YDL024C
G5774	YIL114C
G5775	YLR326W
G5776	YCR007C
G5777	YDR300C
G5778	YKL215C
G5779	YDR282C
G5780	YNL123W
G5781	YNL307C
G5782	YOR287C
G5783	YBR214W
G5784	YGL186C
G5785	YFL041W-A
G5786	YPR072W
G5787	YIR021W
G5788	YJR148W
G5789	YBR008C
G5790	YPR128C
G5791	YMR211W
G5792	YEL055C
G5793	YDR091C
G5794	YJL062W-A
G5795	YLR214W
G5796	decoy107
G5797	YGR078C
G5798	YDR527W
G5799	YGR046W
G5800	YGR208W
G5801	YFR004W
G5802	YKL133C
G5803	YPL141C
G5804	YDL120W
G5805	YMR267W
G5806	YNR058W
G5807	YNR029C
G5808	YOR168W
G5809	decoy20
G5810	YKR031C
G5811	YPL226W
G5812	decoy126
G5813	YGL227W
G5814	YGR099W
G5815	YDR057W
G5816	YER137C
G5817	YBR040W
G5818	YNL278W
G5819	YGL183C
G5820	decoy32
G5821	YAL053W
G5822	YPR083W
G5823	YDL037C
G5824	YGR053C
G5825	YKL124W
G5826	YOL062C
G5827	YOR357C
G5828	YNL176C
G5829	YGL147C
G5830	YDR517W
G5831	YOR166C
G5832	YMR163C
G5833	YIL047C
G5834	YJL078C
G5835	YHR164C
G5836	YNL229C
G5837	YOL071W
G5838	YKL003C
G5839	YBR255W
G5840	YOL128C
G5841	YBL013W
G5842	decoy118
G5843	YHL010C
G5844	YGL023C
G5845	YHR066W
G5846	YGR066C
G5847	YPL107W
G5848	YAL063C
G5849	YKR090W
G5850	YDR023W
G5851	YMR008C
G5852	YNL138W-A
G5853	YLR367W
G5854	YGR028W
G5855	YDR468C
G5856	YDR485C
G5857	decoy274
G5858	YBR221C
G5859	YGR021W
G5860	YML098W
G5861	YNL279W
G5862	YOR187W
G5863	YNL106C
G5864	YHL022C
G5865	YKL164C
G5866	YCR059C
G5867	YCL049C
G5868	YPL246C
G5869	YPR040W
G5870	YDR337W
G5871	YAL041W
G5872	YDL200C
G5873	YGL049C
G5874	YNL098C
G5875	YPL189W
G5876	decoy3
G5877	YKR042W
G5878	YML128C
G5879	YDR205W
G5880	YML079W
G5881	YBL015W
G5882	YDL134C
G5883	YOR186W
G5884	YOR335C
G5885	YPL104W
G5886	YML074C
G5887	YMR317W
G5888	YMR145C
G5889	YDR437W
G5890	YKL198C
G5891	YLR032W
G5892	YJR021C
G5893	YPL179W
G5894	YBR122C
G5895	YGR167W
G5896	YFR031C
G5897	YCL032W
G5898	decoy77
G5899	YHR058C
G5900	YKR036C
G5901	decoy128
G5902	YDR242W
G5903	YGL167C
G5904	YNR059W
G5905	YPL021W
G5906	YDR180W
G5907	YLR260W
G5908	YOR151C
G5909	YLR201C
G5910	YLR385C
G5911	YER067W
G5912	YBR201W
G5913	YIR037W
G5914	YEL076C-A
G5915	YDL137W
G5916	YJR111C
G5917	YLR328W
G5918	decoy119
G5919	YPR159C-A
G5920	YER075C
G5921	YJR025C
G5922	YBR070C
G5923	YML082W
G5924	YFL061W
G5925	YDR284C
G5926	YKL191W
G5927	YHR155W
G5928	YOR129C
G5929	YCL038C
G5930	YIL111W
G5931	YDR395W
G5932	YGR012W
G5933	YGL089C
G5934	YLR395C
G5935	YBR235W
G5936	YLL027W
G5937	YBR285W
G5938	YHR026W
G5939	YEL015W
G5940	YBR060C
G5941	decoy254
G5942	YHR204W
G5943	YHR023W
G5944	YAR018C
G5945	YNR030W
G5946	YER150W
G5947	YBL080C
G5948	YNL016W
G5949	YIR031C
G5950	YAL038W
